EventID,CaseID,Activity,Timestamp,Probability,initTime,sysTime
1,1,a,11/28/2016 21:30,1,1.62128E+12,1.62128E+12
3,2,a,11/28/2016 21:31,1,1.62128E+12,1.62128E+12
4,3,a,11/28/2016 21:32,1,1.62128E+12,1.62128E+12
7,4,a,11/28/2016 21:32,1,1.62128E+12,1.62128E+12
8,5,a,11/28/2016 21:32,1,1.62128E+12,1.62128E+12
14,6,a,11/28/2016 21:33,1,1.62128E+12,1.62128E+12
22,7,a,11/28/2016 21:35,1,1.62128E+12,1.62128E+12
24,8,a,11/28/2016 21:35,1,1.62128E+12,1.62128E+12
28,9,a,11/28/2016 21:36,1,1.62128E+12,1.62128E+12
29,10,a,11/28/2016 21:36,1,1.62128E+12,1.62128E+12
31,11,a,11/28/2016 21:36,1,1.62128E+12,1.62128E+12
59,12,a,11/28/2016 21:39,1,1.62128E+12,1.62128E+12
61,13,a,11/28/2016 21:39,1,1.62128E+12,1.62128E+12
64,14,a,11/28/2016 21:39,1,1.62128E+12,1.62128E+12
75,15,a,11/28/2016 21:40,1,1.62128E+12,1.62128E+12
124,16,a,11/28/2016 21:46,1,1.62128E+12,1.62128E+12
128,17,a,11/28/2016 21:46,1,1.62128E+12,1.62128E+12
133,18,a,11/28/2016 21:47,1,1.62128E+12,1.62128E+12
137,19,a,11/28/2016 21:47,1,1.62128E+12,1.62128E+12
141,20,a,11/28/2016 21:48,1,1.62128E+12,1.62128E+12
146,21,a,11/28/2016 21:49,1,1.62128E+12,1.62128E+12
147,22,a,11/28/2016 21:49,1,1.62128E+12,1.62128E+12
151,23,a,11/28/2016 21:49,1,1.62128E+12,1.62128E+12
162,24,a,11/28/2016 21:50,1,1.62128E+12,1.62128E+12
192,25,a,11/28/2016 21:55,1,1.62128E+12,1.62128E+12
206,26,a,11/28/2016 21:57,1,1.62128E+12,1.62128E+12
207,27,a,11/28/2016 21:57,1,1.62128E+12,1.62128E+12
215,28,a,11/28/2016 21:59,1,1.62128E+12,1.62128E+12
219,29,a,11/28/2016 22:00,1,1.62128E+12,1.62128E+12
221,30,a,11/28/2016 22:01,1,1.62128E+12,1.62128E+12
226,31,a,11/28/2016 22:01,1,1.62128E+12,1.62128E+12
231,32,a,11/28/2016 22:02,1,1.62128E+12,1.62128E+12
232,33,a,11/28/2016 22:02,1,1.62128E+12,1.62128E+12
246,34,a,11/28/2016 22:04,1,1.62128E+12,1.62128E+12
260,35,a,11/28/2016 22:06,1,1.62128E+12,1.62128E+12
274,36,a,11/28/2016 22:09,1,1.62128E+12,1.62128E+12
282,37,a,11/28/2016 22:11,1,1.62128E+12,1.62128E+12
285,38,a,11/28/2016 22:12,1,1.62128E+12,1.62128E+12
286,39,a,11/28/2016 22:12,1,1.62128E+12,1.62128E+12
289,40,a,11/28/2016 22:12,1,1.62128E+12,1.62128E+12
294,41,a,11/28/2016 22:13,1,1.62128E+12,1.62128E+12
296,42,a,11/28/2016 22:13,1,1.62128E+12,1.62128E+12
299,43,a,11/28/2016 22:14,1,1.62128E+12,1.62128E+12
302,44,a,11/28/2016 22:14,1,1.62128E+12,1.62128E+12
309,45,a,11/28/2016 22:15,1,1.62128E+12,1.62128E+12
346,46,a,11/28/2016 22:20,1,1.62128E+12,1.62128E+12
352,47,a,11/28/2016 22:20,1,1.62128E+12,1.62128E+12
353,48,a,11/28/2016 22:20,1,1.62128E+12,1.62128E+12
357,49,a,11/28/2016 22:21,1,1.62128E+12,1.62128E+12
360,50,a,11/28/2016 22:21,1,1.62128E+12,1.62128E+12
370,51,a,11/28/2016 22:22,1,1.62128E+12,1.62128E+12
379,52,a,11/28/2016 22:23,1,1.62128E+12,1.62128E+12
382,53,a,11/28/2016 22:24,1,1.62128E+12,1.62128E+12
397,54,a,11/28/2016 22:25,1,1.62128E+12,1.62128E+12
404,55,a,11/28/2016 22:26,1,1.62128E+12,1.62128E+12
426,56,a,11/28/2016 22:28,1,1.62128E+12,1.62128E+12
440,57,a,11/28/2016 22:30,1,1.62128E+12,1.62128E+12
457,58,a,11/28/2016 22:32,1,1.62128E+12,1.62128E+12
462,59,a,11/28/2016 22:33,1,1.62128E+12,1.62128E+12
490,60,a,11/28/2016 22:37,1,1.62128E+12,1.62128E+12
494,61,a,11/28/2016 22:38,1,1.62128E+12,1.62128E+12
501,62,a,11/28/2016 22:39,1,1.62128E+12,1.62128E+12
504,63,a,11/28/2016 22:40,1,1.62128E+12,1.62128E+12
508,64,a,11/28/2016 22:40,1,1.62128E+12,1.62128E+12
522,65,a,11/28/2016 22:43,1,1.62128E+12,1.62128E+12
523,66,a,11/28/2016 22:44,1,1.62128E+12,1.62128E+12
524,67,a,11/28/2016 22:44,1,1.62128E+12,1.62128E+12
526,68,a,11/28/2016 22:44,1,1.62128E+12,1.62128E+12
528,69,a,11/28/2016 22:44,1,1.62128E+12,1.62128E+12
534,70,a,11/28/2016 22:45,1,1.62128E+12,1.62128E+12
539,71,a,11/28/2016 22:45,1,1.62128E+12,1.62128E+12
542,72,a,11/28/2016 22:46,1,1.62128E+12,1.62128E+12
549,73,a,11/28/2016 22:46,1,1.62128E+12,1.62128E+12
557,74,a,11/28/2016 22:47,1,1.62128E+12,1.62128E+12
558,75,a,11/28/2016 22:47,1,1.62128E+12,1.62128E+12
559,76,a,11/28/2016 22:47,1,1.62128E+12,1.62128E+12
581,77,a,11/28/2016 22:49,1,1.62128E+12,1.62128E+12
587,78,a,11/28/2016 22:50,1,1.62128E+12,1.62128E+12
591,79,a,11/28/2016 22:50,1,1.62128E+12,1.62128E+12
601,80,a,11/28/2016 22:51,1,1.62128E+12,1.62128E+12
620,81,a,11/28/2016 22:53,1,1.62128E+12,1.62128E+12
622,82,a,11/28/2016 22:53,1,1.62128E+12,1.62128E+12
627,83,a,11/28/2016 22:53,1,1.62128E+12,1.62128E+12
632,84,a,11/28/2016 22:54,1,1.62128E+12,1.62128E+12
641,85,a,11/28/2016 22:54,1,1.62128E+12,1.62128E+12
652,86,a,11/28/2016 22:55,1,1.62128E+12,1.62128E+12
656,87,a,11/28/2016 22:55,1,1.62128E+12,1.62128E+12
664,88,a,11/28/2016 22:56,1,1.62128E+12,1.62128E+12
668,89,a,11/28/2016 22:57,1,1.62128E+12,1.62128E+12
682,90,a,11/28/2016 22:58,1,1.62128E+12,1.62128E+12
696,91,a,11/28/2016 22:59,1,1.62128E+12,1.62128E+12
704,92,a,11/28/2016 23:00,1,1.62128E+12,1.62128E+12
725,93,a,11/28/2016 23:02,1,1.62128E+12,1.62128E+12
727,94,a,11/28/2016 23:03,1,1.62128E+12,1.62128E+12
740,95,a,11/28/2016 23:04,1,1.62128E+12,1.62128E+12
746,96,a,11/28/2016 23:05,1,1.62128E+12,1.62128E+12
756,97,a,11/28/2016 23:06,1,1.62128E+12,1.62128E+12
765,98,a,11/28/2016 23:07,1,1.62128E+12,1.62128E+12
767,99,a,11/28/2016 23:07,1,1.62128E+12,1.62128E+12
769,100,a,11/28/2016 23:07,1,1.62128E+12,1.62128E+12
784,101,a,11/28/2016 23:09,1,1.62128E+12,1.62128E+12
791,102,a,11/28/2016 23:09,1,1.62128E+12,1.62128E+12
803,103,a,11/28/2016 23:10,1,1.62128E+12,1.62128E+12
823,104,a,11/28/2016 23:12,1,1.62128E+12,1.62128E+12
837,105,a,11/28/2016 23:13,1,1.62128E+12,1.62128E+12
855,106,a,11/28/2016 23:15,1,1.62128E+12,1.62128E+12
856,107,a,11/28/2016 23:15,1,1.62128E+12,1.62128E+12
862,108,a,11/28/2016 23:15,1,1.62128E+12,1.62128E+12
869,109,a,11/28/2016 23:16,1,1.62128E+12,1.62128E+12
870,110,a,11/28/2016 23:16,1,1.62128E+12,1.62128E+12
886,111,a,11/28/2016 23:17,1,1.62128E+12,1.62128E+12
896,112,a,11/28/2016 23:18,1,1.62128E+12,1.62128E+12
899,113,a,11/28/2016 23:19,1,1.62128E+12,1.62128E+12
932,114,a,11/28/2016 23:21,1,1.62128E+12,1.62128E+12
945,115,a,11/28/2016 23:23,1,1.62128E+12,1.62128E+12
968,116,a,11/28/2016 23:25,1,1.62128E+12,1.62128E+12
977,117,a,11/28/2016 23:26,1,1.62128E+12,1.62128E+12
987,118,a,11/28/2016 23:27,1,1.62128E+12,1.62128E+12
988,119,a,11/28/2016 23:27,1,1.62128E+12,1.62128E+12
1010,120,a,11/28/2016 23:29,1,1.62128E+12,1.62128E+12
1012,121,a,11/28/2016 23:29,1,1.62128E+12,1.62128E+12
1018,122,a,11/28/2016 23:30,1,1.62128E+12,1.62128E+12
1025,123,a,11/28/2016 23:31,1,1.62128E+12,1.62128E+12
1028,124,a,11/28/2016 23:31,1,1.62128E+12,1.62128E+12
1036,125,a,11/28/2016 23:31,1,1.62128E+12,1.62128E+12
1047,126,a,11/28/2016 23:32,1,1.62128E+12,1.62128E+12
1050,127,a,11/28/2016 23:32,1,1.62128E+12,1.62128E+12
1058,128,a,11/28/2016 23:33,1,1.62128E+12,1.62128E+12
1066,129,a,11/28/2016 23:34,1,1.62128E+12,1.62128E+12
1084,130,a,11/28/2016 23:35,1,1.62128E+12,1.62128E+12
1091,131,a,11/28/2016 23:36,1,1.62128E+12,1.62128E+12
1092,132,a,11/28/2016 23:36,1,1.62128E+12,1.62128E+12
1099,133,a,11/28/2016 23:37,1,1.62128E+12,1.62128E+12
1107,134,a,11/28/2016 23:37,1,1.62128E+12,1.62128E+12
1120,135,a,11/28/2016 23:38,1,1.62128E+12,1.62128E+12
1147,136,a,11/28/2016 23:41,1,1.62128E+12,1.62128E+12
1171,137,a,11/28/2016 23:44,1,1.62128E+12,1.62128E+12
1183,138,a,11/28/2016 23:47,1,1.62128E+12,1.62128E+12
1190,139,a,11/28/2016 23:48,1,1.62128E+12,1.62128E+12
1198,140,a,11/28/2016 23:49,1,1.62128E+12,1.62128E+12
1201,141,a,11/28/2016 23:50,1,1.62128E+12,1.62128E+12
1202,142,a,11/28/2016 23:50,1,1.62128E+12,1.62128E+12
1214,143,a,11/28/2016 23:51,1,1.62128E+12,1.62128E+12
1215,144,a,11/28/2016 23:51,1,1.62128E+12,1.62128E+12
1227,145,a,11/28/2016 23:53,1,1.62128E+12,1.62128E+12
1230,146,a,11/28/2016 23:53,1,1.62128E+12,1.62128E+12
1235,147,a,11/28/2016 23:54,1,1.62128E+12,1.62128E+12
1270,148,a,11/28/2016 23:58,1,1.62128E+12,1.62128E+12
1271,149,a,11/28/2016 23:58,1,1.62128E+12,1.62128E+12
1280,150,a,11/28/2016 23:59,1,1.62128E+12,1.62128E+12
1287,151,a,11/29/2016 0:00,1,1.62128E+12,1.62128E+12
1293,152,a,11/29/2016 0:01,1,1.62128E+12,1.62128E+12
1300,153,a,11/29/2016 0:02,1,1.62128E+12,1.62128E+12
1305,154,a,11/29/2016 0:03,1,1.62128E+12,1.62128E+12
1313,155,a,11/29/2016 0:03,1,1.62128E+12,1.62128E+12
1320,156,a,11/29/2016 0:04,1,1.62128E+12,1.62128E+12
1323,157,a,11/29/2016 0:05,1,1.62128E+12,1.62128E+12
1324,158,a,11/29/2016 0:05,1,1.62128E+12,1.62128E+12
1331,159,a,11/29/2016 0:06,1,1.62128E+12,1.62128E+12
1334,160,a,11/29/2016 0:06,1,1.62128E+12,1.62128E+12
1358,161,a,11/29/2016 0:09,1,1.62128E+12,1.62128E+12
1367,162,a,11/29/2016 0:10,1,1.62128E+12,1.62128E+12
1372,163,a,11/29/2016 0:10,1,1.62128E+12,1.62128E+12
1373,164,a,11/29/2016 0:11,1,1.62128E+12,1.62128E+12
1376,165,a,11/29/2016 0:11,1,1.62128E+12,1.62128E+12
1381,166,a,11/29/2016 0:11,1,1.62128E+12,1.62128E+12
1388,167,a,11/29/2016 0:12,1,1.62128E+12,1.62128E+12
1392,168,a,11/29/2016 0:12,1,1.62128E+12,1.62128E+12
1409,169,a,11/29/2016 0:14,1,1.62128E+12,1.62128E+12
1418,170,a,11/29/2016 0:15,1,1.62128E+12,1.62128E+12
1450,171,a,11/29/2016 0:19,1,1.62128E+12,1.62128E+12
1451,172,a,11/29/2016 0:19,1,1.62128E+12,1.62128E+12
1459,173,a,11/29/2016 0:20,1,1.62128E+12,1.62128E+12
1461,174,a,11/29/2016 0:21,1,1.62128E+12,1.62128E+12
1467,175,a,11/29/2016 0:22,1,1.62128E+12,1.62128E+12
1468,176,a,11/29/2016 0:22,1,1.62128E+12,1.62128E+12
1471,177,a,11/29/2016 0:23,1,1.62128E+12,1.62128E+12
1473,178,a,11/29/2016 0:23,1,1.62128E+12,1.62128E+12
1486,179,a,11/29/2016 0:24,1,1.62128E+12,1.62128E+12
1493,180,a,11/29/2016 0:25,1,1.62128E+12,1.62128E+12
1497,181,a,11/29/2016 0:25,1,1.62128E+12,1.62128E+12
1503,182,a,11/29/2016 0:26,1,1.62128E+12,1.62128E+12
1505,183,a,11/29/2016 0:26,1,1.62128E+12,1.62128E+12
1515,184,a,11/29/2016 0:27,1,1.62128E+12,1.62128E+12
1532,185,a,11/29/2016 0:30,1,1.62128E+12,1.62128E+12
1534,186,a,11/29/2016 0:30,1,1.62128E+12,1.62128E+12
1546,187,a,11/29/2016 0:31,1,1.62128E+12,1.62128E+12
1567,188,a,11/29/2016 0:34,1,1.62128E+12,1.62128E+12
1570,189,a,11/29/2016 0:34,1,1.62128E+12,1.62128E+12
1581,190,a,11/29/2016 0:36,1,1.62128E+12,1.62128E+12
1584,191,a,11/29/2016 0:36,1,1.62128E+12,1.62128E+12
1598,192,a,11/29/2016 0:38,1,1.62128E+12,1.62128E+12
1603,193,a,11/29/2016 0:39,1,1.62128E+12,1.62128E+12
1604,194,a,11/29/2016 0:39,1,1.62128E+12,1.62128E+12
1612,195,a,11/29/2016 0:40,1,1.62128E+12,1.62128E+12
1619,196,a,11/29/2016 0:41,1,1.62128E+12,1.62128E+12
1622,197,a,11/29/2016 0:41,1,1.62128E+12,1.62128E+12
1633,198,a,11/29/2016 0:42,1,1.62128E+12,1.62128E+12
1635,199,a,11/29/2016 0:42,1,1.62128E+12,1.62128E+12
1638,200,a,11/29/2016 0:43,1,1.62128E+12,1.62128E+12
1651,201,a,11/29/2016 0:44,1,1.62128E+12,1.62128E+12
1652,202,a,11/29/2016 0:44,1,1.62128E+12,1.62128E+12
1658,203,a,11/29/2016 0:45,1,1.62128E+12,1.62128E+12
1661,204,a,11/29/2016 0:45,1,1.62128E+12,1.62128E+12
1669,205,a,11/29/2016 0:45,1,1.62128E+12,1.62128E+12
1672,206,a,11/29/2016 0:46,1,1.62128E+12,1.62128E+12
1673,207,a,11/29/2016 0:46,1,1.62128E+12,1.62128E+12
1682,208,a,11/29/2016 0:46,1,1.62128E+12,1.62128E+12
1695,209,a,11/29/2016 0:47,1,1.62128E+12,1.62128E+12
1725,210,a,11/29/2016 0:50,1,1.62128E+12,1.62128E+12
1758,211,a,11/29/2016 0:53,1,1.62128E+12,1.62128E+12
1761,212,a,11/29/2016 0:53,1,1.62128E+12,1.62128E+12
1778,213,a,11/29/2016 0:55,1,1.62128E+12,1.62128E+12
1802,214,a,11/29/2016 0:59,1,1.62128E+12,1.62128E+12
1817,215,a,11/29/2016 1:01,1,1.62128E+12,1.62128E+12
1823,216,a,11/29/2016 1:02,1,1.62128E+12,1.62128E+12
1828,217,a,11/29/2016 1:03,1,1.62128E+12,1.62128E+12
1838,218,a,11/29/2016 1:04,1,1.62128E+12,1.62128E+12
1844,219,a,11/29/2016 1:05,1,1.62128E+12,1.62128E+12
1853,220,a,11/29/2016 1:06,1,1.62128E+12,1.62128E+12
1870,221,a,11/29/2016 1:08,1,1.62128E+12,1.62128E+12
1877,222,a,11/29/2016 1:08,1,1.62128E+12,1.62128E+12
1896,223,a,11/29/2016 1:10,1,1.62128E+12,1.62128E+12
1897,224,a,11/29/2016 1:11,1,1.62128E+12,1.62128E+12
1899,225,a,11/29/2016 1:11,1,1.62128E+12,1.62128E+12
1900,226,a,11/29/2016 1:11,1,1.62128E+12,1.62128E+12
1902,227,a,11/29/2016 1:11,1,1.62128E+12,1.62128E+12
1934,228,a,11/29/2016 1:14,1,1.62128E+12,1.62128E+12
1958,229,a,11/29/2016 1:18,1,1.62128E+12,1.62128E+12
1966,230,a,11/29/2016 1:20,1,1.62128E+12,1.62128E+12
1969,231,a,11/29/2016 1:20,1,1.62128E+12,1.62128E+12
1971,232,a,11/29/2016 1:21,1,1.62128E+12,1.62128E+12
1972,233,a,11/29/2016 1:21,1,1.62128E+12,1.62128E+12
1982,234,a,11/29/2016 1:23,1,1.62128E+12,1.62128E+12
1984,235,a,11/29/2016 1:23,1,1.62128E+12,1.62128E+12
1988,236,a,11/29/2016 1:23,1,1.62128E+12,1.62128E+12
2004,237,a,11/29/2016 1:25,1,1.62128E+12,1.62128E+12
2048,238,a,11/29/2016 1:31,1,1.62128E+12,1.62128E+12
2061,239,a,11/29/2016 1:35,1,1.62128E+12,1.62128E+12
2065,240,a,11/29/2016 1:35,1,1.62128E+12,1.62128E+12
2069,241,a,11/29/2016 1:36,1,1.62128E+12,1.62128E+12
2077,242,a,11/29/2016 1:38,1,1.62128E+12,1.62128E+12
2084,243,a,11/29/2016 1:39,1,1.62128E+12,1.62128E+12
2089,244,a,11/29/2016 1:40,1,1.62128E+12,1.62128E+12
2095,245,a,11/29/2016 1:41,1,1.62128E+12,1.62128E+12
2096,246,a,11/29/2016 1:41,1,1.62128E+12,1.62128E+12
2097,247,a,11/29/2016 1:41,1,1.62128E+12,1.62128E+12
2103,248,a,11/29/2016 1:41,1,1.62128E+12,1.62128E+12
2114,249,a,11/29/2016 1:42,1,1.62128E+12,1.62128E+12
2121,250,a,11/29/2016 1:43,1,1.62128E+12,1.62128E+12
2129,251,a,11/29/2016 1:44,1,1.62128E+12,1.62128E+12
2133,252,a,11/29/2016 1:44,1,1.62128E+12,1.62128E+12
2157,253,a,11/29/2016 1:46,1,1.62128E+12,1.62128E+12
2166,254,a,11/29/2016 1:47,1,1.62128E+12,1.62128E+12
2170,255,a,11/29/2016 1:47,1,1.62128E+12,1.62128E+12
2175,256,a,11/29/2016 1:47,1,1.62128E+12,1.62128E+12
2181,257,a,11/29/2016 1:47,1,1.62128E+12,1.62128E+12
2190,258,a,11/29/2016 1:48,1,1.62128E+12,1.62128E+12
2202,259,a,11/29/2016 1:49,1,1.62128E+12,1.62128E+12
2225,260,a,11/29/2016 1:51,1,1.62128E+12,1.62128E+12
2245,261,a,11/29/2016 1:53,1,1.62128E+12,1.62128E+12
2259,262,a,11/29/2016 1:54,1,1.62128E+12,1.62128E+12
2279,263,a,11/29/2016 1:58,1,1.62128E+12,1.62128E+12
2280,264,a,11/29/2016 1:58,1,1.62128E+12,1.62128E+12
2288,265,a,11/29/2016 1:59,1,1.62128E+12,1.62128E+12
2292,266,a,11/29/2016 1:59,1,1.62128E+12,1.62128E+12
2293,267,a,11/29/2016 1:59,1,1.62128E+12,1.62128E+12
2295,268,a,11/29/2016 1:59,1,1.62128E+12,1.62128E+12
2309,269,a,11/29/2016 2:01,1,1.62128E+12,1.62128E+12
2340,270,a,11/29/2016 2:04,1,1.62128E+12,1.62128E+12
2341,271,a,11/29/2016 2:04,1,1.62128E+12,1.62128E+12
2345,272,a,11/29/2016 2:05,1,1.62128E+12,1.62128E+12
2346,273,a,11/29/2016 2:05,1,1.62128E+12,1.62128E+12
2360,274,a,11/29/2016 2:06,1,1.62128E+12,1.62128E+12
2365,275,a,11/29/2016 2:07,1,1.62128E+12,1.62128E+12
2366,276,a,11/29/2016 2:07,1,1.62128E+12,1.62128E+12
2382,277,a,11/29/2016 2:08,1,1.62128E+12,1.62128E+12
2393,278,a,11/29/2016 2:09,1,1.62128E+12,1.62128E+12
2401,279,a,11/29/2016 2:10,1,1.62128E+12,1.62128E+12
2406,280,a,11/29/2016 2:10,1,1.62128E+12,1.62128E+12
2422,281,a,11/29/2016 2:12,1,1.62128E+12,1.62128E+12
2425,282,a,11/29/2016 2:12,1,1.62128E+12,1.62128E+12
2426,283,a,11/29/2016 2:12,1,1.62128E+12,1.62128E+12
2429,284,a,11/29/2016 2:12,1,1.62128E+12,1.62128E+12
2430,285,a,11/29/2016 2:12,1,1.62128E+12,1.62128E+12
2437,286,a,11/29/2016 2:13,1,1.62128E+12,1.62128E+12
2454,287,a,11/29/2016 2:15,1,1.62128E+12,1.62128E+12
2471,288,a,11/29/2016 2:16,1,1.62128E+12,1.62128E+12
2492,289,a,11/29/2016 2:19,1,1.62128E+12,1.62128E+12
2514,290,a,11/29/2016 2:21,1,1.62128E+12,1.62128E+12
2520,291,a,11/29/2016 2:22,1,1.62128E+12,1.62128E+12
2523,292,a,11/29/2016 2:22,1,1.62128E+12,1.62128E+12
2529,293,a,11/29/2016 2:23,1,1.62128E+12,1.62128E+12
2533,294,a,11/29/2016 2:23,1,1.62128E+12,1.62128E+12
2538,295,a,11/29/2016 2:24,1,1.62128E+12,1.62128E+12
2544,296,a,11/29/2016 2:25,1,1.62128E+12,1.62128E+12
2554,297,a,11/29/2016 2:26,1,1.62128E+12,1.62128E+12
2555,298,a,11/29/2016 2:26,1,1.62128E+12,1.62128E+12
2561,299,a,11/29/2016 2:27,1,1.62128E+12,1.62128E+12
2569,300,a,11/29/2016 2:28,1,1.62128E+12,1.62128E+12
2595,301,a,11/29/2016 2:31,1,1.62128E+12,1.62128E+12
2599,302,a,11/29/2016 2:31,1,1.62128E+12,1.62128E+12
2603,303,a,11/29/2016 2:32,1,1.62128E+12,1.62128E+12
2616,304,a,11/29/2016 2:34,1,1.62128E+12,1.62128E+12
2643,305,a,11/29/2016 2:38,1,1.62128E+12,1.62128E+12
2644,306,a,11/29/2016 2:38,1,1.62128E+12,1.62128E+12
2647,307,a,11/29/2016 2:39,1,1.62128E+12,1.62128E+12
2650,308,a,11/29/2016 2:39,1,1.62128E+12,1.62128E+12
2659,309,a,11/29/2016 2:41,1,1.62128E+12,1.62128E+12
2665,310,a,11/29/2016 2:42,1,1.62128E+12,1.62128E+12
2669,311,a,11/29/2016 2:43,1,1.62128E+12,1.62128E+12
2680,312,a,11/29/2016 2:44,1,1.62128E+12,1.62128E+12
2699,313,a,11/29/2016 2:47,1,1.62128E+12,1.62128E+12
2702,314,a,11/29/2016 2:47,1,1.62128E+12,1.62128E+12
2722,315,a,11/29/2016 2:50,1,1.62128E+12,1.62128E+12
2731,316,a,11/29/2016 2:52,1,1.62128E+12,1.62128E+12
2735,317,a,11/29/2016 2:52,1,1.62128E+12,1.62128E+12
2736,318,a,11/29/2016 2:52,1,1.62128E+12,1.62128E+12
2737,319,a,11/29/2016 2:52,1,1.62128E+12,1.62128E+12
2748,320,a,11/29/2016 2:54,1,1.62128E+12,1.62128E+12
2751,321,a,11/29/2016 2:54,1,1.62128E+12,1.62128E+12
2755,322,a,11/29/2016 2:54,1,1.62128E+12,1.62128E+12
2766,323,a,11/29/2016 2:56,1,1.62128E+12,1.62128E+12
2785,324,a,11/29/2016 2:58,1,1.62128E+12,1.62128E+12
2802,325,a,11/29/2016 3:00,1,1.62128E+12,1.62128E+12
2808,326,a,11/29/2016 3:01,1,1.62128E+12,1.62128E+12
2815,327,a,11/29/2016 3:02,1,1.62128E+12,1.62128E+12
2820,328,a,11/29/2016 3:02,1,1.62128E+12,1.62128E+12
2831,329,a,11/29/2016 3:03,1,1.62128E+12,1.62128E+12
2834,330,a,11/29/2016 3:03,1,1.62128E+12,1.62128E+12
2835,331,a,11/29/2016 3:03,1,1.62128E+12,1.62128E+12
2838,332,a,11/29/2016 3:04,1,1.62128E+12,1.62128E+12
2841,333,a,11/29/2016 3:04,1,1.62128E+12,1.62128E+12
2842,334,a,11/29/2016 3:04,1,1.62128E+12,1.62128E+12
2856,335,a,11/29/2016 3:05,1,1.62128E+12,1.62128E+12
2877,336,a,11/29/2016 3:07,1,1.62128E+12,1.62128E+12
2879,337,a,11/29/2016 3:07,1,1.62128E+12,1.62128E+12
2893,338,a,11/29/2016 3:08,1,1.62128E+12,1.62128E+12
2908,339,a,11/29/2016 3:10,1,1.62128E+12,1.62128E+12
2913,340,a,11/29/2016 3:10,1,1.62128E+12,1.62128E+12
2916,341,a,11/29/2016 3:10,1,1.62128E+12,1.62128E+12
2918,342,a,11/29/2016 3:11,1,1.62128E+12,1.62128E+12
2923,343,a,11/29/2016 3:11,1,1.62128E+12,1.62128E+12
2938,344,a,11/29/2016 3:12,1,1.62128E+12,1.62128E+12
2948,345,a,11/29/2016 3:13,1,1.62128E+12,1.62128E+12
2980,346,a,11/29/2016 3:16,1,1.62128E+12,1.62128E+12
2999,347,a,11/29/2016 3:18,1,1.62128E+12,1.62128E+12
3002,348,a,11/29/2016 3:19,1,1.62128E+12,1.62128E+12
3013,349,a,11/29/2016 3:21,1,1.62128E+12,1.62128E+12
3016,350,a,11/29/2016 3:21,1,1.62128E+12,1.62128E+12
3045,351,a,11/29/2016 3:26,1,1.62128E+12,1.62128E+12
3047,352,a,11/29/2016 3:27,1,1.62128E+12,1.62128E+12
3058,353,a,11/29/2016 3:30,1,1.62128E+12,1.62128E+12
3060,354,a,11/29/2016 3:31,1,1.62128E+12,1.62128E+12
3068,355,a,11/29/2016 3:33,1,1.62128E+12,1.62128E+12
3069,356,a,11/29/2016 3:33,1,1.62128E+12,1.62128E+12
3071,357,a,11/29/2016 3:33,1,1.62128E+12,1.62128E+12
3072,358,a,11/29/2016 3:34,1,1.62128E+12,1.62128E+12
3074,359,a,11/29/2016 3:34,1,1.62128E+12,1.62128E+12
3083,360,a,11/29/2016 3:35,1,1.62128E+12,1.62128E+12
3094,361,a,11/29/2016 3:37,1,1.62128E+12,1.62128E+12
3126,362,a,11/29/2016 3:45,1,1.62128E+12,1.62128E+12
3128,363,a,11/29/2016 3:47,1,1.62128E+12,1.62128E+12
3131,364,a,11/29/2016 3:48,1,1.62128E+12,1.62128E+12
3132,365,a,11/29/2016 3:48,1,1.62128E+12,1.62128E+12
3134,366,a,11/29/2016 3:49,1,1.62128E+12,1.62128E+12
3150,367,a,11/29/2016 3:52,1,1.62128E+12,1.62128E+12
3151,368,a,11/29/2016 3:52,1,1.62128E+12,1.62128E+12
3152,369,a,11/29/2016 3:52,1,1.62128E+12,1.62128E+12
3162,370,a,11/29/2016 3:54,1,1.62128E+12,1.62128E+12
3179,371,a,11/29/2016 3:57,1,1.62128E+12,1.62128E+12
3182,372,a,11/29/2016 3:57,1,1.62128E+12,1.62128E+12
3190,373,a,11/29/2016 3:59,1,1.62128E+12,1.62128E+12
3202,374,a,11/29/2016 4:01,1,1.62128E+12,1.62128E+12
3211,375,a,11/29/2016 4:03,1,1.62128E+12,1.62128E+12
3224,376,a,11/29/2016 4:06,1,1.62128E+12,1.62128E+12
3226,377,a,11/29/2016 4:07,1,1.62128E+12,1.62128E+12
3232,378,a,11/29/2016 4:08,1,1.62128E+12,1.62128E+12
3237,379,a,11/29/2016 4:09,1,1.62128E+12,1.62128E+12
3239,380,a,11/29/2016 4:09,1,1.62128E+12,1.62128E+12
3248,381,a,11/29/2016 4:10,1,1.62128E+12,1.62128E+12
3249,382,a,11/29/2016 4:10,1,1.62128E+12,1.62128E+12
3251,383,a,11/29/2016 4:10,1,1.62128E+12,1.62128E+12
3254,384,a,11/29/2016 4:11,1,1.62128E+12,1.62128E+12
3278,385,a,11/29/2016 4:13,1,1.62128E+12,1.62128E+12
3282,386,a,11/29/2016 4:14,1,1.62128E+12,1.62128E+12
3288,387,a,11/29/2016 4:14,1,1.62128E+12,1.62128E+12
3291,388,a,11/29/2016 4:15,1,1.62128E+12,1.62128E+12
3316,389,a,11/29/2016 4:17,1,1.62128E+12,1.62128E+12
3320,390,a,11/29/2016 4:17,1,1.62128E+12,1.62128E+12
3327,391,a,11/29/2016 4:18,1,1.62128E+12,1.62128E+12
3341,392,a,11/29/2016 4:19,1,1.62128E+12,1.62128E+12
3362,393,a,11/29/2016 4:21,1,1.62128E+12,1.62128E+12
3367,394,a,11/29/2016 4:22,1,1.62128E+12,1.62128E+12
3396,395,a,11/29/2016 4:26,1,1.62128E+12,1.62128E+12
3399,396,a,11/29/2016 4:26,1,1.62128E+12,1.62128E+12
3400,397,a,11/29/2016 4:26,1,1.62128E+12,1.62128E+12
3409,398,a,11/29/2016 4:27,1,1.62128E+12,1.62128E+12
3412,399,a,11/29/2016 4:27,1,1.62128E+12,1.62128E+12
3418,400,a,11/29/2016 4:28,1,1.62128E+12,1.62128E+12
3420,401,a,11/29/2016 4:28,1,1.62128E+12,1.62128E+12
3423,402,a,11/29/2016 4:29,1,1.62128E+12,1.62128E+12
3446,403,a,11/29/2016 4:32,1,1.62128E+12,1.62128E+12
3447,404,a,11/29/2016 4:32,1,1.62128E+12,1.62128E+12
3471,405,a,11/29/2016 4:35,1,1.62128E+12,1.62128E+12
3477,406,a,11/29/2016 4:36,1,1.62128E+12,1.62128E+12
3482,407,a,11/29/2016 4:37,1,1.62128E+12,1.62128E+12
3486,408,a,11/29/2016 4:37,1,1.62128E+12,1.62128E+12
3499,409,a,11/29/2016 4:39,1,1.62128E+12,1.62128E+12
3504,410,a,11/29/2016 4:40,1,1.62128E+12,1.62128E+12
3507,411,a,11/29/2016 4:41,1,1.62128E+12,1.62128E+12
3513,412,a,11/29/2016 4:41,1,1.62128E+12,1.62128E+12
3516,413,a,11/29/2016 4:42,1,1.62128E+12,1.62128E+12
3520,414,a,11/29/2016 4:42,1,1.62128E+12,1.62128E+12
3522,415,a,11/29/2016 4:42,1,1.62128E+12,1.62128E+12
3524,416,a,11/29/2016 4:42,1,1.62128E+12,1.62128E+12
3543,417,a,11/29/2016 4:45,1,1.62128E+12,1.62128E+12
3547,418,a,11/29/2016 4:45,1,1.62128E+12,1.62128E+12
3579,419,a,11/29/2016 4:50,1,1.62128E+12,1.62128E+12
3584,420,a,11/29/2016 4:51,1,1.62128E+12,1.62128E+12
3592,421,a,11/29/2016 4:52,1,1.62128E+12,1.62128E+12
3594,422,a,11/29/2016 4:52,1,1.62128E+12,1.62128E+12
3596,423,a,11/29/2016 4:52,1,1.62128E+12,1.62128E+12
3608,424,a,11/29/2016 4:54,1,1.62128E+12,1.62128E+12
3609,425,a,11/29/2016 4:54,1,1.62128E+12,1.62128E+12
3630,426,a,11/29/2016 4:57,1,1.62128E+12,1.62128E+12
3640,427,a,11/29/2016 4:59,1,1.62128E+12,1.62128E+12
3641,428,a,11/29/2016 4:59,1,1.62128E+12,1.62128E+12
3645,429,a,11/29/2016 4:59,1,1.62128E+12,1.62128E+12
3653,430,a,11/29/2016 5:01,1,1.62128E+12,1.62128E+12
3666,431,a,11/29/2016 5:03,1,1.62128E+12,1.62128E+12
3667,432,a,11/29/2016 5:03,1,1.62128E+12,1.62128E+12
3672,433,a,11/29/2016 5:03,1,1.62128E+12,1.62128E+12
3675,434,a,11/29/2016 5:04,1,1.62128E+12,1.62128E+12
3691,435,a,11/29/2016 5:05,1,1.62128E+12,1.62128E+12
3719,436,a,11/29/2016 5:09,1,1.62128E+12,1.62128E+12
3724,437,a,11/29/2016 5:10,1,1.62128E+12,1.62128E+12
3726,438,a,11/29/2016 5:10,1,1.62128E+12,1.62128E+12
3733,439,a,11/29/2016 5:11,1,1.62128E+12,1.62128E+12
3735,440,a,11/29/2016 5:12,1,1.62128E+12,1.62128E+12
3737,441,a,11/29/2016 5:12,1,1.62128E+12,1.62128E+12
3744,442,a,11/29/2016 5:13,1,1.62128E+12,1.62128E+12
3747,443,a,11/29/2016 5:13,1,1.62128E+12,1.62128E+12
3752,444,a,11/29/2016 5:14,1,1.62128E+12,1.62128E+12
3753,445,a,11/29/2016 5:14,1,1.62128E+12,1.62128E+12
3766,446,a,11/29/2016 5:15,1,1.62128E+12,1.62128E+12
3781,447,a,11/29/2016 5:16,1,1.62128E+12,1.62128E+12
3804,448,a,11/29/2016 5:19,1,1.62128E+12,1.62128E+12
3815,449,a,11/29/2016 5:20,1,1.62128E+12,1.62128E+12
3818,450,a,11/29/2016 5:20,1,1.62128E+12,1.62128E+12
3821,451,a,11/29/2016 5:20,1,1.62128E+12,1.62128E+12
3825,452,a,11/29/2016 5:20,1,1.62128E+12,1.62128E+12
3830,453,a,11/29/2016 5:21,1,1.62128E+12,1.62128E+12
3838,454,a,11/29/2016 5:21,1,1.62128E+12,1.62128E+12
3849,455,a,11/29/2016 5:22,1,1.62128E+12,1.62128E+12
3854,456,a,11/29/2016 5:22,1,1.62128E+12,1.62128E+12
3856,457,a,11/29/2016 5:22,1,1.62128E+12,1.62128E+12
3858,458,a,11/29/2016 5:22,1,1.62128E+12,1.62128E+12
3864,459,a,11/29/2016 5:23,1,1.62128E+12,1.62128E+12
3865,460,a,11/29/2016 5:23,1,1.62128E+12,1.62128E+12
3868,461,a,11/29/2016 5:23,1,1.62128E+12,1.62128E+12
3869,462,a,11/29/2016 5:23,1,1.62128E+12,1.62128E+12
3886,463,a,11/29/2016 5:24,1,1.62128E+12,1.62128E+12
3909,464,a,11/29/2016 5:25,1,1.62128E+12,1.62128E+12
3919,465,a,11/29/2016 5:26,1,1.62128E+12,1.62128E+12
3946,466,a,11/29/2016 5:27,1,1.62128E+12,1.62128E+12
3975,467,a,11/29/2016 5:29,1,1.62128E+12,1.62128E+12
4004,468,a,11/29/2016 5:32,1,1.62128E+12,1.62128E+12
4009,469,a,11/29/2016 5:33,1,1.62128E+12,1.62128E+12
4010,470,a,11/29/2016 5:33,1,1.62128E+12,1.62128E+12
4014,471,a,11/29/2016 5:33,1,1.62128E+12,1.62128E+12
4032,472,a,11/29/2016 5:35,1,1.62128E+12,1.62128E+12
4047,473,a,11/29/2016 5:37,1,1.62128E+12,1.62128E+12
4055,474,a,11/29/2016 5:37,1,1.62128E+12,1.62128E+12
4072,475,a,11/29/2016 5:39,1,1.62128E+12,1.62128E+12
4079,476,a,11/29/2016 5:40,1,1.62128E+12,1.62128E+12
4084,477,a,11/29/2016 5:41,1,1.62128E+12,1.62128E+12
4093,478,a,11/29/2016 5:42,1,1.62128E+12,1.62128E+12
4130,479,a,11/29/2016 5:47,1,1.62128E+12,1.62128E+12
4137,480,a,11/29/2016 5:47,1,1.62128E+12,1.62128E+12
4149,481,a,11/29/2016 5:49,1,1.62128E+12,1.62128E+12
4153,482,a,11/29/2016 5:49,1,1.62128E+12,1.62128E+12
4171,483,a,11/29/2016 5:52,1,1.62128E+12,1.62128E+12
4172,484,a,11/29/2016 5:52,1,1.62128E+12,1.62128E+12
4186,485,a,11/29/2016 5:54,1,1.62128E+12,1.62128E+12
4188,486,a,11/29/2016 5:54,1,1.62128E+12,1.62128E+12
4189,487,a,11/29/2016 5:54,1,1.62128E+12,1.62128E+12
4192,488,a,11/29/2016 5:54,1,1.62128E+12,1.62128E+12
4202,489,a,11/29/2016 5:56,1,1.62128E+12,1.62128E+12
4207,490,a,11/29/2016 5:56,1,1.62128E+12,1.62128E+12
4219,491,a,11/29/2016 5:58,1,1.62128E+12,1.62128E+12
4226,492,a,11/29/2016 5:59,1,1.62128E+12,1.62128E+12
4233,493,a,11/29/2016 5:59,1,1.62128E+12,1.62128E+12
4237,494,a,11/29/2016 6:00,1,1.62128E+12,1.62128E+12
4238,495,a,11/29/2016 6:00,1,1.62128E+12,1.62128E+12
4246,496,a,11/29/2016 6:01,1,1.62128E+12,1.62128E+12
4269,497,a,11/29/2016 6:03,1,1.62128E+12,1.62128E+12
4270,498,a,11/29/2016 6:03,1,1.62128E+12,1.62128E+12
4273,499,a,11/29/2016 6:04,1,1.62128E+12,1.62128E+12
4285,500,a,11/29/2016 6:05,1,1.62128E+12,1.62128E+12
4304,501,a,11/29/2016 6:07,1,1.62128E+12,1.62128E+12
4310,502,a,11/29/2016 6:08,1,1.62128E+12,1.62128E+12
4321,503,a,11/29/2016 6:09,1,1.62128E+12,1.62128E+12
4328,504,a,11/29/2016 6:11,1,1.62128E+12,1.62128E+12
4330,505,a,11/29/2016 6:12,1,1.62128E+12,1.62128E+12
4333,506,a,11/29/2016 6:12,1,1.62128E+12,1.62128E+12
4334,507,a,11/29/2016 6:12,1,1.62128E+12,1.62128E+12
4341,508,a,11/29/2016 6:13,1,1.62128E+12,1.62128E+12
4342,509,a,11/29/2016 6:13,1,1.62128E+12,1.62128E+12
4345,510,a,11/29/2016 6:13,1,1.62128E+12,1.62128E+12
4348,511,a,11/29/2016 6:14,1,1.62128E+12,1.62128E+12
4352,512,a,11/29/2016 6:14,1,1.62128E+12,1.62128E+12
4354,513,a,11/29/2016 6:14,1,1.62128E+12,1.62128E+12
4368,514,a,11/29/2016 6:16,1,1.62128E+12,1.62128E+12
4384,515,a,11/29/2016 6:17,1,1.62128E+12,1.62128E+12
4397,516,a,11/29/2016 6:18,1,1.62128E+12,1.62128E+12
4410,517,a,11/29/2016 6:19,1,1.62128E+12,1.62128E+12
4412,518,a,11/29/2016 6:19,1,1.62128E+12,1.62128E+12
4417,519,a,11/29/2016 6:20,1,1.62128E+12,1.62128E+12
4439,520,a,11/29/2016 6:21,1,1.62128E+12,1.62128E+12
4446,521,a,11/29/2016 6:22,1,1.62128E+12,1.62128E+12
4465,522,a,11/29/2016 6:24,1,1.62128E+12,1.62128E+12
4470,523,a,11/29/2016 6:24,1,1.62128E+12,1.62128E+12
4475,524,a,11/29/2016 6:24,1,1.62128E+12,1.62128E+12
4479,525,a,11/29/2016 6:25,1,1.62128E+12,1.62128E+12
4490,526,a,11/29/2016 6:26,1,1.62128E+12,1.62128E+12
4498,527,a,11/29/2016 6:26,1,1.62128E+12,1.62128E+12
4513,528,a,11/29/2016 6:27,1,1.62128E+12,1.62128E+12
4528,529,a,11/29/2016 6:28,1,1.62128E+12,1.62128E+12
4531,530,a,11/29/2016 6:29,1,1.62128E+12,1.62128E+12
4532,531,a,11/29/2016 6:29,1,1.62128E+12,1.62128E+12
4546,532,a,11/29/2016 6:30,1,1.62128E+12,1.62128E+12
4558,533,a,11/29/2016 6:31,1,1.62128E+12,1.62128E+12
4567,534,a,11/29/2016 6:32,1,1.62128E+12,1.62128E+12
4568,535,a,11/29/2016 6:32,1,1.62128E+12,1.62128E+12
4575,536,a,11/29/2016 6:32,1,1.62128E+12,1.62128E+12
4576,537,a,11/29/2016 6:32,1,1.62128E+12,1.62128E+12
4582,538,a,11/29/2016 6:33,1,1.62128E+12,1.62128E+12
4587,539,a,11/29/2016 6:33,1,1.62128E+12,1.62128E+12
4592,540,a,11/29/2016 6:34,1,1.62128E+12,1.62128E+12
4595,541,a,11/29/2016 6:34,1,1.62128E+12,1.62128E+12
4612,542,a,11/29/2016 6:35,1,1.62128E+12,1.62128E+12
4651,543,a,11/29/2016 6:38,1,1.62128E+12,1.62128E+12
4662,544,a,11/29/2016 6:39,1,1.62128E+12,1.62128E+12
4665,545,a,11/29/2016 6:39,1,1.62128E+12,1.62128E+12
4681,546,a,11/29/2016 6:41,1,1.62128E+12,1.62128E+12
4684,547,a,11/29/2016 6:41,1,1.62128E+12,1.62128E+12
4692,548,a,11/29/2016 6:42,1,1.62128E+12,1.62128E+12
4693,549,a,11/29/2016 6:42,1,1.62128E+12,1.62128E+12
4697,550,a,11/29/2016 6:43,1,1.62128E+12,1.62128E+12
4709,551,a,11/29/2016 6:43,1,1.62128E+12,1.62128E+12
4719,552,a,11/29/2016 6:44,1,1.62128E+12,1.62128E+12
4731,553,a,11/29/2016 6:46,1,1.62128E+12,1.62128E+12
4749,554,a,11/29/2016 6:48,1,1.62128E+12,1.62128E+12
4751,555,a,11/29/2016 6:48,1,1.62128E+12,1.62128E+12
4752,556,a,11/29/2016 6:48,1,1.62128E+12,1.62128E+12
4758,557,a,11/29/2016 6:49,1,1.62128E+12,1.62128E+12
4770,558,a,11/29/2016 6:50,1,1.62128E+12,1.62128E+12
4774,559,a,11/29/2016 6:50,1,1.62128E+12,1.62128E+12
4778,560,a,11/29/2016 6:51,1,1.62128E+12,1.62128E+12
4779,561,a,11/29/2016 6:51,1,1.62128E+12,1.62128E+12
4781,562,a,11/29/2016 6:51,1,1.62128E+12,1.62128E+12
4791,563,a,11/29/2016 6:52,1,1.62128E+12,1.62128E+12
4797,564,a,11/29/2016 6:52,1,1.62128E+12,1.62128E+12
4807,565,a,11/29/2016 6:53,1,1.62128E+12,1.62128E+12
4814,566,a,11/29/2016 6:54,1,1.62128E+12,1.62128E+12
4820,567,a,11/29/2016 6:55,1,1.62128E+12,1.62128E+12
4824,568,a,11/29/2016 6:55,1,1.62128E+12,1.62128E+12
4830,569,a,11/29/2016 6:55,1,1.62128E+12,1.62128E+12
4846,570,a,11/29/2016 6:56,1,1.62128E+12,1.62128E+12
4851,571,a,11/29/2016 6:57,1,1.62128E+12,1.62128E+12
4869,572,a,11/29/2016 6:59,1,1.62128E+12,1.62128E+12
4882,573,a,11/29/2016 7:00,1,1.62128E+12,1.62128E+12
4887,574,a,11/29/2016 7:01,1,1.62128E+12,1.62128E+12
4897,575,a,11/29/2016 7:01,1,1.62128E+12,1.62128E+12
4919,576,a,11/29/2016 7:04,1,1.62128E+12,1.62128E+12
4921,577,a,11/29/2016 7:04,1,1.62128E+12,1.62128E+12
4928,578,a,11/29/2016 7:05,1,1.62128E+12,1.62128E+12
4932,579,a,11/29/2016 7:06,1,1.62128E+12,1.62128E+12
4937,580,a,11/29/2016 7:06,1,1.62128E+12,1.62128E+12
4947,581,a,11/29/2016 7:07,1,1.62128E+12,1.62128E+12
4960,582,a,11/29/2016 7:08,1,1.62128E+12,1.62128E+12
4974,583,a,11/29/2016 7:10,1,1.62128E+12,1.62128E+12
4984,584,a,11/29/2016 7:11,1,1.62128E+12,1.62128E+12
4988,585,a,11/29/2016 7:11,1,1.62128E+12,1.62128E+12
4998,586,a,11/29/2016 7:12,1,1.62128E+12,1.62128E+12
5000,587,a,11/29/2016 7:12,1,1.62128E+12,1.62128E+12
5022,588,a,11/29/2016 7:15,1,1.62128E+12,1.62128E+12
5029,589,a,11/29/2016 7:16,1,1.62128E+12,1.62128E+12
5053,590,a,11/29/2016 7:18,1,1.62128E+12,1.62128E+12
5055,591,a,11/29/2016 7:18,1,1.62128E+12,1.62128E+12
5072,592,a,11/29/2016 7:21,1,1.62128E+12,1.62128E+12
5080,593,a,11/29/2016 7:23,1,1.62128E+12,1.62128E+12
5082,594,a,11/29/2016 7:23,1,1.62128E+12,1.62128E+12
5084,595,a,11/29/2016 7:23,1,1.62128E+12,1.62128E+12
5085,596,a,11/29/2016 7:23,1,1.62128E+12,1.62128E+12
5100,597,a,11/29/2016 7:25,1,1.62128E+12,1.62128E+12
5110,598,a,11/29/2016 7:26,1,1.62128E+12,1.62128E+12
5118,599,a,11/29/2016 7:27,1,1.62128E+12,1.62128E+12
5130,600,a,11/29/2016 7:29,1,1.62128E+12,1.62128E+12
5133,601,a,11/29/2016 7:29,1,1.62128E+12,1.62128E+12
5137,602,a,11/29/2016 7:29,1,1.62128E+12,1.62128E+12
5145,603,a,11/29/2016 7:30,1,1.62128E+12,1.62128E+12
5146,604,a,11/29/2016 7:30,1,1.62128E+12,1.62128E+12
5157,605,a,11/29/2016 7:31,1,1.62128E+12,1.62128E+12
5160,606,a,11/29/2016 7:31,1,1.62128E+12,1.62128E+12
5174,607,a,11/29/2016 7:33,1,1.62128E+12,1.62128E+12
5184,608,a,11/29/2016 7:33,1,1.62128E+12,1.62128E+12
5189,609,a,11/29/2016 7:34,1,1.62128E+12,1.62128E+12
5197,610,a,11/29/2016 7:34,1,1.62128E+12,1.62128E+12
5198,611,a,11/29/2016 7:34,1,1.62128E+12,1.62128E+12
5199,612,a,11/29/2016 7:34,1,1.62128E+12,1.62128E+12
5201,613,a,11/29/2016 7:34,1,1.62128E+12,1.62128E+12
5205,614,a,11/29/2016 7:34,1,1.62128E+12,1.62128E+12
5206,615,a,11/29/2016 7:34,1,1.62128E+12,1.62128E+12
5227,616,a,11/29/2016 7:35,1,1.62128E+12,1.62128E+12
5236,617,a,11/29/2016 7:36,1,1.62128E+12,1.62128E+12
5294,618,a,11/29/2016 7:40,1,1.62128E+12,1.62128E+12
5302,619,a,11/29/2016 7:41,1,1.62128E+12,1.62128E+12
5312,620,a,11/29/2016 7:42,1,1.62128E+12,1.62128E+12
5313,621,a,11/29/2016 7:42,1,1.62128E+12,1.62128E+12
5317,622,a,11/29/2016 7:42,1,1.62128E+12,1.62128E+12
5333,623,a,11/29/2016 7:44,1,1.62128E+12,1.62128E+12
5338,624,a,11/29/2016 7:44,1,1.62128E+12,1.62128E+12
5354,625,a,11/29/2016 7:46,1,1.62128E+12,1.62128E+12
5360,626,a,11/29/2016 7:47,1,1.62128E+12,1.62128E+12
5362,627,a,11/29/2016 7:47,1,1.62128E+12,1.62128E+12
5365,628,a,11/29/2016 7:47,1,1.62128E+12,1.62128E+12
5375,629,a,11/29/2016 7:48,1,1.62128E+12,1.62128E+12
5376,630,a,11/29/2016 7:48,1,1.62128E+12,1.62128E+12
5378,631,a,11/29/2016 7:48,1,1.62128E+12,1.62128E+12
5382,632,a,11/29/2016 7:49,1,1.62128E+12,1.62128E+12
5409,633,a,11/29/2016 7:52,1,1.62128E+12,1.62128E+12
5412,634,a,11/29/2016 7:52,1,1.62128E+12,1.62128E+12
5419,635,a,11/29/2016 7:52,1,1.62128E+12,1.62128E+12
5425,636,a,11/29/2016 7:53,1,1.62128E+12,1.62128E+12
5431,637,a,11/29/2016 7:53,1,1.62128E+12,1.62128E+12
5433,638,a,11/29/2016 7:54,1,1.62128E+12,1.62128E+12
5446,639,a,11/29/2016 7:55,1,1.62128E+12,1.62128E+12
5453,640,a,11/29/2016 7:56,1,1.62128E+12,1.62128E+12
5463,641,a,11/29/2016 7:57,1,1.62128E+12,1.62128E+12
5470,642,a,11/29/2016 7:57,1,1.62128E+12,1.62128E+12
5472,643,a,11/29/2016 7:57,1,1.62128E+12,1.62128E+12
5483,644,a,11/29/2016 7:58,1,1.62128E+12,1.62128E+12
5492,645,a,11/29/2016 7:59,1,1.62128E+12,1.62128E+12
5503,646,a,11/29/2016 8:00,1,1.62128E+12,1.62128E+12
5505,647,a,11/29/2016 8:00,1,1.62128E+12,1.62128E+12
5510,648,a,11/29/2016 8:00,1,1.62128E+12,1.62128E+12
5531,649,a,11/29/2016 8:02,1,1.62128E+12,1.62128E+12
5541,650,a,11/29/2016 8:02,1,1.62128E+12,1.62128E+12
5544,651,a,11/29/2016 8:03,1,1.62128E+12,1.62128E+12
5546,652,a,11/29/2016 8:03,1,1.62128E+12,1.62128E+12
5551,653,a,11/29/2016 8:03,1,1.62128E+12,1.62128E+12
5558,654,a,11/29/2016 8:03,1,1.62128E+12,1.62128E+12
5603,655,a,11/29/2016 8:07,1,1.62128E+12,1.62128E+12
5617,656,a,11/29/2016 8:08,1,1.62128E+12,1.62128E+12
5637,657,a,11/29/2016 8:11,1,1.62128E+12,1.62128E+12
5639,658,a,11/29/2016 8:11,1,1.62128E+12,1.62128E+12
5643,659,a,11/29/2016 8:11,1,1.62128E+12,1.62128E+12
5646,660,a,11/29/2016 8:12,1,1.62128E+12,1.62128E+12
5649,661,a,11/29/2016 8:12,1,1.62128E+12,1.62128E+12
5650,662,a,11/29/2016 8:12,1,1.62128E+12,1.62128E+12
5653,663,a,11/29/2016 8:13,1,1.62128E+12,1.62128E+12
5654,664,a,11/29/2016 8:13,1,1.62128E+12,1.62128E+12
5658,665,a,11/29/2016 8:13,1,1.62128E+12,1.62128E+12
5662,666,a,11/29/2016 8:13,1,1.62128E+12,1.62128E+12
5693,667,a,11/29/2016 8:17,1,1.62128E+12,1.62128E+12
5702,668,a,11/29/2016 8:18,1,1.62128E+12,1.62128E+12
5708,669,a,11/29/2016 8:18,1,1.62128E+12,1.62128E+12
5709,670,a,11/29/2016 8:18,1,1.62128E+12,1.62128E+12
5718,671,a,11/29/2016 8:19,1,1.62128E+12,1.62128E+12
5724,672,a,11/29/2016 8:20,1,1.62128E+12,1.62128E+12
5740,673,a,11/29/2016 8:22,1,1.62128E+12,1.62128E+12
5750,674,a,11/29/2016 8:24,1,1.62128E+12,1.62128E+12
5754,675,a,11/29/2016 8:24,1,1.62128E+12,1.62128E+12
5756,676,a,11/29/2016 8:24,1,1.62128E+12,1.62128E+12
5766,677,a,11/29/2016 8:25,1,1.62128E+12,1.62128E+12
5774,678,a,11/29/2016 8:26,1,1.62128E+12,1.62128E+12
5789,679,a,11/29/2016 8:28,1,1.62128E+12,1.62128E+12
5814,680,a,11/29/2016 8:32,1,1.62128E+12,1.62128E+12
5817,681,a,11/29/2016 8:32,1,1.62128E+12,1.62128E+12
5818,682,a,11/29/2016 8:32,1,1.62128E+12,1.62128E+12
5826,683,a,11/29/2016 8:33,1,1.62128E+12,1.62128E+12
5829,684,a,11/29/2016 8:34,1,1.62128E+12,1.62128E+12
5837,685,a,11/29/2016 8:34,1,1.62128E+12,1.62128E+12
5838,686,a,11/29/2016 8:34,1,1.62128E+12,1.62128E+12
5857,687,a,11/29/2016 8:36,1,1.62128E+12,1.62128E+12
5859,688,a,11/29/2016 8:37,1,1.62128E+12,1.62128E+12
5874,689,a,11/29/2016 8:38,1,1.62128E+12,1.62128E+12
5878,690,a,11/29/2016 8:39,1,1.62128E+12,1.62128E+12
5896,691,a,11/29/2016 8:41,1,1.62128E+12,1.62128E+12
5898,692,a,11/29/2016 8:41,1,1.62128E+12,1.62128E+12
5905,693,a,11/29/2016 8:42,1,1.62128E+12,1.62128E+12
5907,694,a,11/29/2016 8:42,1,1.62128E+12,1.62128E+12
5911,695,a,11/29/2016 8:42,1,1.62128E+12,1.62128E+12
5913,696,a,11/29/2016 8:43,1,1.62128E+12,1.62128E+12
5914,697,a,11/29/2016 8:43,1,1.62128E+12,1.62128E+12
5919,698,a,11/29/2016 8:43,1,1.62128E+12,1.62128E+12
5927,699,a,11/29/2016 8:44,1,1.62128E+12,1.62128E+12
5944,700,a,11/29/2016 8:46,1,1.62128E+12,1.62128E+12
5956,701,a,11/29/2016 8:47,1,1.62128E+12,1.62128E+12
5962,702,a,11/29/2016 8:47,1,1.62128E+12,1.62128E+12
5970,703,a,11/29/2016 8:48,1,1.62128E+12,1.62128E+12
5973,704,a,11/29/2016 8:48,1,1.62128E+12,1.62128E+12
5988,705,a,11/29/2016 8:50,1,1.62128E+12,1.62128E+12
6014,706,a,11/29/2016 8:56,1,1.62128E+12,1.62128E+12
6016,707,a,11/29/2016 8:57,1,1.62128E+12,1.62128E+12
6023,708,a,11/29/2016 8:58,1,1.62128E+12,1.62128E+12
6024,709,a,11/29/2016 8:58,1,1.62128E+12,1.62128E+12
6025,710,a,11/29/2016 8:58,1,1.62128E+12,1.62128E+12
6030,711,a,11/29/2016 8:59,1,1.62128E+12,1.62128E+12
6041,712,a,11/29/2016 9:01,1,1.62128E+12,1.62128E+12
6056,713,a,11/29/2016 9:03,1,1.62128E+12,1.62128E+12
6065,714,a,11/29/2016 9:04,1,1.62128E+12,1.62128E+12
6085,715,a,11/29/2016 9:06,1,1.62128E+12,1.62128E+12
6088,716,a,11/29/2016 9:07,1,1.62128E+12,1.62128E+12
6098,717,a,11/29/2016 9:09,1,1.62128E+12,1.62128E+12
6104,718,a,11/29/2016 9:10,1,1.62128E+12,1.62128E+12
6109,719,a,11/29/2016 9:10,1,1.62128E+12,1.62128E+12
6111,720,a,11/29/2016 9:10,1,1.62128E+12,1.62128E+12
6129,721,a,11/29/2016 9:13,1,1.62128E+12,1.62128E+12
6136,722,a,11/29/2016 9:14,1,1.62128E+12,1.62128E+12
6140,723,a,11/29/2016 9:14,1,1.62128E+12,1.62128E+12
6145,724,a,11/29/2016 9:15,1,1.62128E+12,1.62128E+12
6147,725,a,11/29/2016 9:15,1,1.62128E+12,1.62128E+12
6151,726,a,11/29/2016 9:15,1,1.62128E+12,1.62128E+12
6153,727,a,11/29/2016 9:15,1,1.62128E+12,1.62128E+12
6164,728,a,11/29/2016 9:16,1,1.62128E+12,1.62128E+12
6178,729,a,11/29/2016 9:17,1,1.62128E+12,1.62128E+12
6187,730,a,11/29/2016 9:18,1,1.62128E+12,1.62128E+12
6188,731,a,11/29/2016 9:18,1,1.62128E+12,1.62128E+12
6197,732,a,11/29/2016 9:19,1,1.62128E+12,1.62128E+12
6209,733,a,11/29/2016 9:20,1,1.62128E+12,1.62128E+12
6229,734,a,11/29/2016 9:21,1,1.62128E+12,1.62128E+12
6234,735,a,11/29/2016 9:22,1,1.62128E+12,1.62128E+12
6237,736,a,11/29/2016 9:22,1,1.62128E+12,1.62128E+12
6253,737,a,11/29/2016 9:23,1,1.62128E+12,1.62128E+12
6256,738,a,11/29/2016 9:24,1,1.62128E+12,1.62128E+12
6266,739,a,11/29/2016 9:25,1,1.62128E+12,1.62128E+12
6270,740,a,11/29/2016 9:25,1,1.62128E+12,1.62128E+12
6278,741,a,11/29/2016 9:26,1,1.62128E+12,1.62128E+12
6283,742,a,11/29/2016 9:26,1,1.62128E+12,1.62128E+12
6287,743,a,11/29/2016 9:26,1,1.62128E+12,1.62128E+12
6290,744,a,11/29/2016 9:26,1,1.62128E+12,1.62128E+12
6291,745,a,11/29/2016 9:26,1,1.62128E+12,1.62128E+12
6292,746,a,11/29/2016 9:26,1,1.62128E+12,1.62128E+12
6330,747,a,11/29/2016 9:29,1,1.62128E+12,1.62128E+12
6342,748,a,11/29/2016 9:30,1,1.62128E+12,1.62128E+12
6346,749,a,11/29/2016 9:30,1,1.62128E+12,1.62128E+12
6353,750,a,11/29/2016 9:31,1,1.62128E+12,1.62128E+12
6358,751,a,11/29/2016 9:31,1,1.62128E+12,1.62128E+12
6374,752,a,11/29/2016 9:32,1,1.62128E+12,1.62128E+12
6376,753,a,11/29/2016 9:33,1,1.62128E+12,1.62128E+12
6381,754,a,11/29/2016 9:33,1,1.62128E+12,1.62128E+12
6392,755,a,11/29/2016 9:34,1,1.62128E+12,1.62128E+12
6409,756,a,11/29/2016 9:35,1,1.62128E+12,1.62128E+12
6425,757,a,11/29/2016 9:36,1,1.62128E+12,1.62128E+12
6430,758,a,11/29/2016 9:37,1,1.62128E+12,1.62128E+12
6432,759,a,11/29/2016 9:37,1,1.62128E+12,1.62128E+12
6435,760,a,11/29/2016 9:37,1,1.62128E+12,1.62128E+12
6437,761,a,11/29/2016 9:37,1,1.62128E+12,1.62128E+12
6471,762,a,11/29/2016 9:39,1,1.62128E+12,1.62128E+12
6481,763,a,11/29/2016 9:40,1,1.62128E+12,1.62128E+12
6514,764,a,11/29/2016 9:43,1,1.62128E+12,1.62128E+12
6527,765,a,11/29/2016 9:45,1,1.62128E+12,1.62128E+12
6535,766,a,11/29/2016 9:45,1,1.62128E+12,1.62128E+12
6537,767,a,11/29/2016 9:46,1,1.62128E+12,1.62128E+12
6543,768,a,11/29/2016 9:46,1,1.62128E+12,1.62128E+12
6544,769,a,11/29/2016 9:46,1,1.62128E+12,1.62128E+12
6567,770,a,11/29/2016 9:48,1,1.62128E+12,1.62128E+12
6597,771,a,11/29/2016 9:51,1,1.62128E+12,1.62128E+12
6601,772,a,11/29/2016 9:52,1,1.62128E+12,1.62128E+12
6604,773,a,11/29/2016 9:52,1,1.62128E+12,1.62128E+12
6621,774,a,11/29/2016 9:54,1,1.62128E+12,1.62128E+12
6633,775,a,11/29/2016 9:56,1,1.62128E+12,1.62128E+12
6657,776,a,11/29/2016 9:59,1,1.62128E+12,1.62128E+12
6658,777,a,11/29/2016 9:59,1,1.62128E+12,1.62128E+12
6669,778,a,11/29/2016 10:03,1,1.62128E+12,1.62128E+12
6671,779,a,11/29/2016 10:03,1,1.62128E+12,1.62128E+12
6673,780,a,11/29/2016 10:03,1,1.62128E+12,1.62128E+12
6674,781,a,11/29/2016 10:03,1,1.62128E+12,1.62128E+12
6679,782,a,11/29/2016 10:04,1,1.62128E+12,1.62128E+12
6690,783,a,11/29/2016 10:06,1,1.62128E+12,1.62128E+12
6695,784,a,11/29/2016 10:07,1,1.62128E+12,1.62128E+12
6698,785,a,11/29/2016 10:07,1,1.62128E+12,1.62128E+12
6700,786,a,11/29/2016 10:08,1,1.62128E+12,1.62128E+12
6703,787,a,11/29/2016 10:08,1,1.62128E+12,1.62128E+12
6715,788,a,11/29/2016 10:09,1,1.62128E+12,1.62128E+12
6717,789,a,11/29/2016 10:09,1,1.62128E+12,1.62128E+12
6727,790,a,11/29/2016 10:11,1,1.62128E+12,1.62128E+12
6747,791,a,11/29/2016 10:13,1,1.62128E+12,1.62128E+12
6755,792,a,11/29/2016 10:14,1,1.62128E+12,1.62128E+12
6763,793,a,11/29/2016 10:15,1,1.62128E+12,1.62128E+12
6765,794,a,11/29/2016 10:16,1,1.62128E+12,1.62128E+12
6767,795,a,11/29/2016 10:16,1,1.62128E+12,1.62128E+12
6770,796,a,11/29/2016 10:16,1,1.62128E+12,1.62128E+12
6774,797,a,11/29/2016 10:17,1,1.62128E+12,1.62128E+12
6782,798,a,11/29/2016 10:17,1,1.62128E+12,1.62128E+12
6788,799,a,11/29/2016 10:18,1,1.62128E+12,1.62128E+12
6798,800,a,11/29/2016 10:19,1,1.62128E+12,1.62128E+12
6803,801,a,11/29/2016 10:20,1,1.62128E+12,1.62128E+12
6825,802,a,11/29/2016 10:22,1,1.62128E+12,1.62128E+12
6843,803,a,11/29/2016 10:24,1,1.62128E+12,1.62128E+12
6850,804,a,11/29/2016 10:25,1,1.62128E+12,1.62128E+12
6865,805,a,11/29/2016 10:27,1,1.62128E+12,1.62128E+12
6880,806,a,11/29/2016 10:29,1,1.62128E+12,1.62128E+12
6898,807,a,11/29/2016 10:31,1,1.62128E+12,1.62128E+12
6900,808,a,11/29/2016 10:31,1,1.62128E+12,1.62128E+12
6902,809,a,11/29/2016 10:31,1,1.62128E+12,1.62128E+12
6910,810,a,11/29/2016 10:32,1,1.62128E+12,1.62128E+12
6916,811,a,11/29/2016 10:33,1,1.62128E+12,1.62128E+12
6918,812,a,11/29/2016 10:33,1,1.62128E+12,1.62128E+12
6922,813,a,11/29/2016 10:34,1,1.62128E+12,1.62128E+12
6941,814,a,11/29/2016 10:36,1,1.62128E+12,1.62128E+12
6957,815,a,11/29/2016 10:38,1,1.62128E+12,1.62128E+12
6970,816,a,11/29/2016 10:39,1,1.62128E+12,1.62128E+12
6975,817,a,11/29/2016 10:40,1,1.62128E+12,1.62128E+12
6976,818,a,11/29/2016 10:40,1,1.62128E+12,1.62128E+12
6989,819,a,11/29/2016 10:42,1,1.62128E+12,1.62128E+12
7008,820,a,11/29/2016 10:46,1,1.62128E+12,1.62128E+12
7009,821,a,11/29/2016 10:47,1,1.62128E+12,1.62128E+12
7010,822,a,11/29/2016 10:47,1,1.62128E+12,1.62128E+12
7025,823,a,11/29/2016 10:49,1,1.62128E+12,1.62128E+12
7026,824,a,11/29/2016 10:50,1,1.62128E+12,1.62128E+12
7027,825,a,11/29/2016 10:50,1,1.62128E+12,1.62128E+12
7031,826,a,11/29/2016 10:50,1,1.62128E+12,1.62128E+12
7033,827,a,11/29/2016 10:51,1,1.62128E+12,1.62128E+12
7035,828,a,11/29/2016 10:51,1,1.62128E+12,1.62128E+12
7039,829,a,11/29/2016 10:51,1,1.62128E+12,1.62128E+12
7050,830,a,11/29/2016 10:52,1,1.62128E+12,1.62128E+12
7068,831,a,11/29/2016 10:54,1,1.62128E+12,1.62128E+12
7073,832,a,11/29/2016 10:55,1,1.62128E+12,1.62128E+12
7079,833,a,11/29/2016 10:55,1,1.62128E+12,1.62128E+12
7082,834,a,11/29/2016 10:55,1,1.62128E+12,1.62128E+12
7092,835,a,11/29/2016 10:56,1,1.62128E+12,1.62128E+12
7097,836,a,11/29/2016 10:57,1,1.62128E+12,1.62128E+12
7120,837,a,11/29/2016 11:00,1,1.62128E+12,1.62128E+12
7138,838,a,11/29/2016 11:02,1,1.62128E+12,1.62128E+12
7148,839,a,11/29/2016 11:03,1,1.62128E+12,1.62128E+12
7151,840,a,11/29/2016 11:04,1,1.62128E+12,1.62128E+12
7157,841,a,11/29/2016 11:04,1,1.62128E+12,1.62128E+12
7161,842,a,11/29/2016 11:05,1,1.62128E+12,1.62128E+12
7168,843,a,11/29/2016 11:05,1,1.62128E+12,1.62128E+12
7172,844,a,11/29/2016 11:06,1,1.62128E+12,1.62128E+12
7203,845,a,11/29/2016 11:09,1,1.62128E+12,1.62128E+12
7212,846,a,11/29/2016 11:10,1,1.62128E+12,1.62128E+12
7226,847,a,11/29/2016 11:12,1,1.62128E+12,1.62128E+12
7230,848,a,11/29/2016 11:13,1,1.62128E+12,1.62128E+12
7234,849,a,11/29/2016 11:14,1,1.62128E+12,1.62128E+12
7237,850,a,11/29/2016 11:15,1,1.62128E+12,1.62128E+12
7238,851,a,11/29/2016 11:15,1,1.62128E+12,1.62128E+12
7247,852,a,11/29/2016 11:16,1,1.62128E+12,1.62128E+12
7248,853,a,11/29/2016 11:16,1,1.62128E+12,1.62128E+12
7266,854,a,11/29/2016 11:19,1,1.62128E+12,1.62128E+12
7267,855,a,11/29/2016 11:19,1,1.62128E+12,1.62128E+12
7268,856,a,11/29/2016 11:19,1,1.62128E+12,1.62128E+12
7273,857,a,11/29/2016 11:20,1,1.62128E+12,1.62128E+12
7275,858,a,11/29/2016 11:20,1,1.62128E+12,1.62128E+12
7292,859,a,11/29/2016 11:21,1,1.62128E+12,1.62128E+12
7294,860,a,11/29/2016 11:21,1,1.62128E+12,1.62128E+12
7298,861,a,11/29/2016 11:22,1,1.62128E+12,1.62128E+12
7306,862,a,11/29/2016 11:23,1,1.62128E+12,1.62128E+12
7312,863,a,11/29/2016 11:23,1,1.62128E+12,1.62128E+12
7337,864,a,11/29/2016 11:25,1,1.62128E+12,1.62128E+12
7371,865,a,11/29/2016 11:29,1,1.62128E+12,1.62128E+12
7373,866,a,11/29/2016 11:29,1,1.62128E+12,1.62128E+12
7379,867,a,11/29/2016 11:30,1,1.62128E+12,1.62128E+12
7389,868,a,11/29/2016 11:31,1,1.62128E+12,1.62128E+12
7398,869,a,11/29/2016 11:32,1,1.62128E+12,1.62128E+12
7400,870,a,11/29/2016 11:33,1,1.62128E+12,1.62128E+12
7406,871,a,11/29/2016 11:34,1,1.62128E+12,1.62128E+12
7409,872,a,11/29/2016 11:34,1,1.62128E+12,1.62128E+12
7414,873,a,11/29/2016 11:35,1,1.62128E+12,1.62128E+12
7415,874,a,11/29/2016 11:35,1,1.62128E+12,1.62128E+12
7429,875,a,11/29/2016 11:36,1,1.62128E+12,1.62128E+12
7437,876,a,11/29/2016 11:37,1,1.62128E+12,1.62128E+12
7438,877,a,11/29/2016 11:37,1,1.62128E+12,1.62128E+12
7442,878,a,11/29/2016 11:38,1,1.62128E+12,1.62128E+12
7449,879,a,11/29/2016 11:38,1,1.62128E+12,1.62128E+12
7451,880,a,11/29/2016 11:38,1,1.62128E+12,1.62128E+12
7461,881,a,11/29/2016 11:39,1,1.62128E+12,1.62128E+12
7478,882,a,11/29/2016 11:41,1,1.62128E+12,1.62128E+12
7488,883,a,11/29/2016 11:42,1,1.62128E+12,1.62128E+12
7495,884,a,11/29/2016 11:42,1,1.62128E+12,1.62128E+12
7508,885,a,11/29/2016 11:44,1,1.62128E+12,1.62128E+12
7509,886,a,11/29/2016 11:44,1,1.62128E+12,1.62128E+12
7518,887,a,11/29/2016 11:44,1,1.62128E+12,1.62128E+12
7526,888,a,11/29/2016 11:45,1,1.62128E+12,1.62128E+12
7559,889,a,11/29/2016 11:48,1,1.62128E+12,1.62128E+12
7569,890,a,11/29/2016 11:49,1,1.62128E+12,1.62128E+12
7590,891,a,11/29/2016 11:52,1,1.62128E+12,1.62128E+12
7594,892,a,11/29/2016 11:52,1,1.62128E+12,1.62128E+12
7595,893,a,11/29/2016 11:52,1,1.62128E+12,1.62128E+12
7601,894,a,11/29/2016 11:53,1,1.62128E+12,1.62128E+12
7604,895,a,11/29/2016 11:53,1,1.62128E+12,1.62128E+12
7609,896,a,11/29/2016 11:54,1,1.62128E+12,1.62128E+12
7620,897,a,11/29/2016 11:55,1,1.62128E+12,1.62128E+12
7634,898,a,11/29/2016 11:56,1,1.62128E+12,1.62128E+12
7646,899,a,11/29/2016 11:57,1,1.62128E+12,1.62128E+12
7653,900,a,11/29/2016 11:58,1,1.62128E+12,1.62128E+12
7680,901,a,11/29/2016 12:01,1,1.62128E+12,1.62128E+12
7682,902,a,11/29/2016 12:02,1,1.62128E+12,1.62128E+12
7696,903,a,11/29/2016 12:04,1,1.62128E+12,1.62128E+12
7701,904,a,11/29/2016 12:05,1,1.62128E+12,1.62128E+12
7714,905,a,11/29/2016 12:08,1,1.62128E+12,1.62128E+12
7715,906,a,11/29/2016 12:08,1,1.62128E+12,1.62128E+12
7717,907,a,11/29/2016 12:09,1,1.62128E+12,1.62128E+12
7725,908,a,11/29/2016 12:10,1,1.62128E+12,1.62128E+12
7730,909,a,11/29/2016 12:11,1,1.62128E+12,1.62128E+12
7733,910,a,11/29/2016 12:11,1,1.62128E+12,1.62128E+12
7739,911,a,11/29/2016 12:12,1,1.62128E+12,1.62128E+12
7748,912,a,11/29/2016 12:13,1,1.62128E+12,1.62128E+12
7750,913,a,11/29/2016 12:14,1,1.62128E+12,1.62128E+12
7755,914,a,11/29/2016 12:15,1,1.62128E+12,1.62128E+12
7773,915,a,11/29/2016 12:17,1,1.62128E+12,1.62128E+12
7786,916,a,11/29/2016 12:19,1,1.62128E+12,1.62128E+12
7787,917,a,11/29/2016 12:19,1,1.62128E+12,1.62128E+12
7792,918,a,11/29/2016 12:20,1,1.62128E+12,1.62128E+12
7801,919,a,11/29/2016 12:22,1,1.62128E+12,1.62128E+12
7802,920,a,11/29/2016 12:22,1,1.62128E+12,1.62128E+12
7803,921,a,11/29/2016 12:22,1,1.62128E+12,1.62128E+12
7804,922,a,11/29/2016 12:22,1,1.62128E+12,1.62128E+12
7811,923,a,11/29/2016 12:23,1,1.62128E+12,1.62128E+12
7814,924,a,11/29/2016 12:23,1,1.62128E+12,1.62128E+12
7815,925,a,11/29/2016 12:23,1,1.62128E+12,1.62128E+12
7819,926,a,11/29/2016 12:23,1,1.62128E+12,1.62128E+12
7830,927,a,11/29/2016 12:24,1,1.62128E+12,1.62128E+12
7878,928,a,11/29/2016 12:30,1,1.62128E+12,1.62128E+12
7882,929,a,11/29/2016 12:30,1,1.62128E+12,1.62128E+12
7894,930,a,11/29/2016 12:32,1,1.62128E+12,1.62128E+12
7901,931,a,11/29/2016 12:34,1,1.62128E+12,1.62128E+12
7912,932,a,11/29/2016 12:35,1,1.62128E+12,1.62128E+12
7917,933,a,11/29/2016 12:36,1,1.62128E+12,1.62128E+12
7918,934,a,11/29/2016 12:36,1,1.62128E+12,1.62128E+12
7924,935,a,11/29/2016 12:37,1,1.62128E+12,1.62128E+12
7932,936,a,11/29/2016 12:38,1,1.62128E+12,1.62128E+12
7936,937,a,11/29/2016 12:39,1,1.62128E+12,1.62128E+12
7937,938,a,11/29/2016 12:39,1,1.62128E+12,1.62128E+12
7940,939,a,11/29/2016 12:39,1,1.62128E+12,1.62128E+12
7950,940,a,11/29/2016 12:40,1,1.62128E+12,1.62128E+12
7969,941,a,11/29/2016 12:42,1,1.62128E+12,1.62128E+12
7972,942,a,11/29/2016 12:43,1,1.62128E+12,1.62128E+12
7973,943,a,11/29/2016 12:43,1,1.62128E+12,1.62128E+12
7976,944,a,11/29/2016 12:43,1,1.62128E+12,1.62128E+12
7983,945,a,11/29/2016 12:43,1,1.62128E+12,1.62128E+12
7988,946,a,11/29/2016 12:44,1,1.62128E+12,1.62128E+12
7997,947,a,11/29/2016 12:45,1,1.62128E+12,1.62128E+12
8003,948,a,11/29/2016 12:45,1,1.62128E+12,1.62128E+12
8009,949,a,11/29/2016 12:46,1,1.62128E+12,1.62128E+12
8016,950,a,11/29/2016 12:46,1,1.62128E+12,1.62128E+12
8018,951,a,11/29/2016 12:46,1,1.62128E+12,1.62128E+12
8051,952,a,11/29/2016 12:49,1,1.62128E+12,1.62128E+12
8077,953,a,11/29/2016 12:51,1,1.62128E+12,1.62128E+12
8083,954,a,11/29/2016 12:51,1,1.62128E+12,1.62128E+12
8090,955,a,11/29/2016 12:52,1,1.62128E+12,1.62128E+12
8116,956,a,11/29/2016 12:54,1,1.62128E+12,1.62128E+12
8132,957,a,11/29/2016 12:57,1,1.62128E+12,1.62128E+12
8148,958,a,11/29/2016 12:59,1,1.62128E+12,1.62128E+12
8152,959,a,11/29/2016 13:00,1,1.62128E+12,1.62128E+12
8159,960,a,11/29/2016 13:01,1,1.62128E+12,1.62128E+12
8162,961,a,11/29/2016 13:02,1,1.62128E+12,1.62128E+12
8169,962,a,11/29/2016 13:03,1,1.62128E+12,1.62128E+12
8175,963,a,11/29/2016 13:03,1,1.62128E+12,1.62128E+12
8183,964,a,11/29/2016 13:04,1,1.62128E+12,1.62128E+12
8193,965,a,11/29/2016 13:05,1,1.62128E+12,1.62128E+12
8197,966,a,11/29/2016 13:06,1,1.62128E+12,1.62128E+12
8199,967,a,11/29/2016 13:06,1,1.62128E+12,1.62128E+12
8200,968,a,11/29/2016 13:06,1,1.62128E+12,1.62128E+12
8213,969,a,11/29/2016 13:07,1,1.62128E+12,1.62128E+12
8240,970,a,11/29/2016 13:10,1,1.62128E+12,1.62128E+12
8241,971,a,11/29/2016 13:10,1,1.62128E+12,1.62128E+12
8242,972,a,11/29/2016 13:10,1,1.62128E+12,1.62128E+12
8253,973,a,11/29/2016 13:11,1,1.62128E+12,1.62128E+12
8255,974,a,11/29/2016 13:11,1,1.62128E+12,1.62128E+12
8259,975,a,11/29/2016 13:11,1,1.62128E+12,1.62128E+12
8271,976,a,11/29/2016 13:12,1,1.62128E+12,1.62128E+12
8298,977,a,11/29/2016 13:14,1,1.62128E+12,1.62128E+12
8299,978,a,11/29/2016 13:15,1,1.62128E+12,1.62128E+12
8329,979,a,11/29/2016 13:17,1,1.62128E+12,1.62128E+12
8330,980,a,11/29/2016 13:17,1,1.62128E+12,1.62128E+12
8331,981,a,11/29/2016 13:17,1,1.62128E+12,1.62128E+12
8336,982,a,11/29/2016 13:18,1,1.62128E+12,1.62128E+12
8338,983,a,11/29/2016 13:18,1,1.62128E+12,1.62128E+12
8357,984,a,11/29/2016 13:20,1,1.62128E+12,1.62128E+12
8358,985,a,11/29/2016 13:20,1,1.62128E+12,1.62128E+12
8380,986,a,11/29/2016 13:22,1,1.62128E+12,1.62128E+12
8393,987,a,11/29/2016 13:24,1,1.62128E+12,1.62128E+12
8400,988,a,11/29/2016 13:24,1,1.62128E+12,1.62128E+12
8436,989,a,11/29/2016 13:29,1,1.62128E+12,1.62128E+12
8444,990,a,11/29/2016 13:31,1,1.62128E+12,1.62128E+12
8448,991,a,11/29/2016 13:31,1,1.62128E+12,1.62128E+12
8456,992,a,11/29/2016 13:33,1,1.62128E+12,1.62128E+12
8461,993,a,11/29/2016 13:35,1,1.62128E+12,1.62128E+12
8464,994,a,11/29/2016 13:35,1,1.62128E+12,1.62128E+12
8466,995,a,11/29/2016 13:35,1,1.62128E+12,1.62128E+12
8467,996,a,11/29/2016 13:36,1,1.62128E+12,1.62128E+12
8474,997,a,11/29/2016 13:36,1,1.62128E+12,1.62128E+12
8477,998,a,11/29/2016 13:37,1,1.62128E+12,1.62128E+12
8489,999,a,11/29/2016 13:38,1,1.62128E+12,1.62128E+12
8492,1000,a,11/29/2016 13:38,1,1.62128E+12,1.62128E+12
