EventID,CaseID,Activity,Timestamp,Probability,initTime,sysTime
1,1,a,11/28/2016 21:30:00,1.0,1621280366683,1621280366686
3,2,a,11/28/2016 21:31:00,1.0,1621280366762,1621280366762
4,3,a,11/28/2016 21:32:00,1.0,1621280366794,1621280366794
7,4,a,11/28/2016 21:32:00,1.0,1621280366890,1621280366890
8,5,a,11/28/2016 21:32:00,1.0,1621280366922,1621280366922
14,6,a,11/28/2016 21:33:00,1.0,1621280367113,1621280367113
22,7,a,11/28/2016 21:35:00,1.0,1621280367370,1621280367371
24,8,a,11/28/2016 21:35:00,1.0,1621280367448,1621280367448
28,9,a,11/28/2016 21:36:00,1.0,1621280367588,1621280367588
29,10,a,11/28/2016 21:36:00,1.0,1621280367621,1621280367621
31,11,a,11/28/2016 21:36:00,1.0,1621280367713,1621280367714
59,12,a,11/28/2016 21:39:00,1.0,1621280368638,1621280368638
61,13,a,11/28/2016 21:39:00,1.0,1621280368714,1621280368715
64,14,a,11/28/2016 21:39:00,1.0,1621280368838,1621280368839
75,15,a,11/28/2016 21:40:00,1.0,1621280369228,1621280369228
124,16,a,11/28/2016 21:46:00,1.0,1621280370829,1621280370830
128,17,a,11/28/2016 21:46:00,1.0,1621280370971,1621280370972
133,18,a,11/28/2016 21:47:00,1.0,1621280371141,1621280371141
137,19,a,11/28/2016 21:47:00,1.0,1621280371266,1621280371266
141,20,a,11/28/2016 21:48:00,1.0,1621280371391,1621280371391
146,21,a,11/28/2016 21:49:00,1.0,1621280371576,1621280371576
147,22,a,11/28/2016 21:49:00,1.0,1621280371608,1621280371608
151,23,a,11/28/2016 21:49:00,1.0,1621280371748,1621280371748
162,24,a,11/28/2016 21:50:00,1.0,1621280372093,1621280372094
192,25,a,11/28/2016 21:55:00,1.0,1621280373062,1621280373062
206,26,a,11/28/2016 21:57:00,1.0,1621280373533,1621280373533
207,27,a,11/28/2016 21:57:00,1.0,1621280373564,1621280373564
215,28,a,11/28/2016 21:59:00,1.0,1621280373815,1621280373816
219,29,a,11/28/2016 22:00:00,1.0,1621280373941,1621280373941
221,30,a,11/28/2016 22:01:00,1.0,1621280374004,1621280374004
226,31,a,11/28/2016 22:01:00,1.0,1621280374162,1621280374162
231,32,a,11/28/2016 22:02:00,1.0,1621280374318,1621280374318
232,33,a,11/28/2016 22:02:00,1.0,1621280374349,1621280374349
246,34,a,11/28/2016 22:04:00,1.0,1621280374786,1621280374786
260,35,a,11/28/2016 22:06:00,1.0,1621280375241,1621280375241
274,36,a,11/28/2016 22:09:00,1.0,1621280375681,1621280375681
282,37,a,11/28/2016 22:11:00,1.0,1621280375947,1621280375947
285,38,a,11/28/2016 22:12:00,1.0,1621280376041,1621280376041
286,39,a,11/28/2016 22:12:00,1.0,1621280376072,1621280376072
289,40,a,11/28/2016 22:12:00,1.0,1621280376180,1621280376180
294,41,a,11/28/2016 22:13:00,1.0,1621280376337,1621280376337
296,42,a,11/28/2016 22:13:00,1.0,1621280376415,1621280376415
299,43,a,11/28/2016 22:14:00,1.0,1621280376508,1621280376508
302,44,a,11/28/2016 22:14:00,1.0,1621280376602,1621280376602
309,45,a,11/28/2016 22:15:00,1.0,1621280376821,1621280376821
346,46,a,11/28/2016 22:20:00,1.0,1621280377990,1621280377990
352,47,a,11/28/2016 22:20:00,1.0,1621280378178,1621280378178
353,48,a,11/28/2016 22:20:00,1.0,1621280378209,1621280378209
357,49,a,11/28/2016 22:21:00,1.0,1621280378333,1621280378333
360,50,a,11/28/2016 22:21:00,1.0,1621280378426,1621280378426
370,51,a,11/28/2016 22:22:00,1.0,1621280378738,1621280378738
379,52,a,11/28/2016 22:23:00,1.0,1621280379019,1621280379019
382,53,a,11/28/2016 22:24:00,1.0,1621280379113,1621280379113
397,54,a,11/28/2016 22:25:00,1.0,1621280379581,1621280379581
404,55,a,11/28/2016 22:26:00,1.0,1621280379799,1621280379799
426,56,a,11/28/2016 22:28:00,1.0,1621280380490,1621280380490
440,57,a,11/28/2016 22:30:00,1.0,1621280380928,1621280380928
457,58,a,11/28/2016 22:32:00,1.0,1621280381458,1621280381458
462,59,a,11/28/2016 22:33:00,1.0,1621280381615,1621280381615
490,60,a,11/28/2016 22:37:00,1.0,1621280382508,1621280382508
494,61,a,11/28/2016 22:38:00,1.0,1621280382635,1621280382635
501,62,a,11/28/2016 22:39:00,1.0,1621280382854,1621280382854
504,63,a,11/28/2016 22:40:00,1.0,1621280382949,1621280382949
508,64,a,11/28/2016 22:40:00,1.0,1621280383091,1621280383091
522,65,a,11/28/2016 22:43:00,1.0,1621280383544,1621280383544
523,66,a,11/28/2016 22:44:00,1.0,1621280383575,1621280383575
524,67,a,11/28/2016 22:44:00,1.0,1621280383606,1621280383606
526,68,a,11/28/2016 22:44:00,1.0,1621280383684,1621280383684
528,69,a,11/28/2016 22:44:00,1.0,1621280383746,1621280383746
534,70,a,11/28/2016 22:45:00,1.0,1621280383934,1621280383934
539,71,a,11/28/2016 22:45:00,1.0,1621280384090,1621280384090
542,72,a,11/28/2016 22:46:00,1.0,1621280384184,1621280384184
549,73,a,11/28/2016 22:46:00,1.0,1621280384402,1621280384402
557,74,a,11/28/2016 22:47:00,1.0,1621280384653,1621280384653
558,75,a,11/28/2016 22:47:00,1.0,1621280384684,1621280384684
559,76,a,11/28/2016 22:47:00,1.0,1621280384716,1621280384716
581,77,a,11/28/2016 22:49:00,1.0,1621280385402,1621280385402
587,78,a,11/28/2016 22:50:00,1.0,1621280385588,1621280385589
591,79,a,11/28/2016 22:50:00,1.0,1621280385714,1621280385714
601,80,a,11/28/2016 22:51:00,1.0,1621280386026,1621280386026
620,81,a,11/28/2016 22:53:00,1.0,1621280386619,1621280386619
622,82,a,11/28/2016 22:53:00,1.0,1621280386682,1621280386682
627,83,a,11/28/2016 22:53:00,1.0,1621280386839,1621280386839
632,84,a,11/28/2016 22:54:00,1.0,1621280386998,1621280386998
641,85,a,11/28/2016 22:54:00,1.0,1621280387279,1621280387279
652,86,a,11/28/2016 22:55:00,1.0,1621280387625,1621280387625
656,87,a,11/28/2016 22:55:00,1.0,1621280387752,1621280387752
664,88,a,11/28/2016 22:56:00,1.0,1621280388001,1621280388001
668,89,a,11/28/2016 22:57:00,1.0,1621280388127,1621280388127
682,90,a,11/28/2016 22:58:00,1.0,1621280388566,1621280388566
696,91,a,11/28/2016 22:59:00,1.0,1621280389005,1621280389005
704,92,a,11/28/2016 23:00:00,1.0,1621280389259,1621280389259
725,93,a,11/28/2016 23:02:00,1.0,1621280389930,1621280389930
727,94,a,11/28/2016 23:03:00,1.0,1621280389993,1621280389993
740,95,a,11/28/2016 23:04:00,1.0,1621280390407,1621280390407
746,96,a,11/28/2016 23:05:00,1.0,1621280390598,1621280390598
756,97,a,11/28/2016 23:06:00,1.0,1621280390918,1621280390918
765,98,a,11/28/2016 23:07:00,1.0,1621280391203,1621280391203
767,99,a,11/28/2016 23:07:00,1.0,1621280391267,1621280391267
769,100,a,11/28/2016 23:07:00,1.0,1621280391329,1621280391329
784,101,a,11/28/2016 23:09:00,1.0,1621280391798,1621280391798
791,102,a,11/28/2016 23:09:00,1.0,1621280392018,1621280392018
803,103,a,11/28/2016 23:10:00,1.0,1621280392392,1621280392392
823,104,a,11/28/2016 23:12:00,1.0,1621280393022,1621280393022
837,105,a,11/28/2016 23:13:00,1.0,1621280393478,1621280393478
855,106,a,11/28/2016 23:15:00,1.0,1621280394045,1621280394045
856,107,a,11/28/2016 23:15:00,1.0,1621280394077,1621280394077
862,108,a,11/28/2016 23:15:00,1.0,1621280394279,1621280394279
869,109,a,11/28/2016 23:16:00,1.0,1621280394500,1621280394500
870,110,a,11/28/2016 23:16:00,1.0,1621280394531,1621280394531
886,111,a,11/28/2016 23:17:00,1.0,1621280395036,1621280395036
896,112,a,11/28/2016 23:18:00,1.0,1621280395351,1621280395351
899,113,a,11/28/2016 23:19:00,1.0,1621280395445,1621280395445
932,114,a,11/28/2016 23:21:00,1.0,1621280396474,1621280396474
945,115,a,11/28/2016 23:23:00,1.0,1621280396878,1621280396878
968,116,a,11/28/2016 23:25:00,1.0,1621280397601,1621280397601
977,117,a,11/28/2016 23:26:00,1.0,1621280397884,1621280397884
987,118,a,11/28/2016 23:27:00,1.0,1621280398197,1621280398197
988,119,a,11/28/2016 23:27:00,1.0,1621280398228,1621280398228
1010,120,a,11/28/2016 23:29:00,1.0,1621280398932,1621280398932
1012,121,a,11/28/2016 23:29:00,1.0,1621280399010,1621280399010
1018,122,a,11/28/2016 23:30:00,1.0,1621280399202,1621280399202
1025,123,a,11/28/2016 23:31:00,1.0,1621280399422,1621280399422
1028,124,a,11/28/2016 23:31:00,1.0,1621280399517,1621280399517
1036,125,a,11/28/2016 23:31:00,1.0,1621280399766,1621280399766
1047,126,a,11/28/2016 23:32:00,1.0,1621280400116,1621280400116
1050,127,a,11/28/2016 23:32:00,1.0,1621280400212,1621280400212
1058,128,a,11/28/2016 23:33:00,1.0,1621280400468,1621280400468
1066,129,a,11/28/2016 23:34:00,1.0,1621280400720,1621280400720
1084,130,a,11/28/2016 23:35:00,1.0,1621280401294,1621280401294
1091,131,a,11/28/2016 23:36:00,1.0,1621280401517,1621280401517
1092,132,a,11/28/2016 23:36:00,1.0,1621280401562,1621280401562
1099,133,a,11/28/2016 23:37:00,1.0,1621280401801,1621280401801
1107,134,a,11/28/2016 23:37:00,1.0,1621280402054,1621280402054
1120,135,a,11/28/2016 23:38:00,1.0,1621280402460,1621280402460
1147,136,a,11/28/2016 23:41:00,1.0,1621280403309,1621280403309
1171,137,a,11/28/2016 23:44:00,1.0,1621280404077,1621280404077
1183,138,a,11/28/2016 23:47:00,1.0,1621280404453,1621280404453
1190,139,a,11/28/2016 23:48:00,1.0,1621280404687,1621280404687
1198,140,a,11/28/2016 23:49:00,1.0,1621280404938,1621280404938
1201,141,a,11/28/2016 23:50:00,1.0,1621280405032,1621280405032
1202,142,a,11/28/2016 23:50:00,1.0,1621280405064,1621280405064
1214,143,a,11/28/2016 23:51:00,1.0,1621280405438,1621280405438
1215,144,a,11/28/2016 23:51:00,1.0,1621280405470,1621280405470
1227,145,a,11/28/2016 23:53:00,1.0,1621280405843,1621280405843
1230,146,a,11/28/2016 23:53:00,1.0,1621280405935,1621280405935
1235,147,a,11/28/2016 23:54:00,1.0,1621280406092,1621280406092
1270,148,a,11/28/2016 23:58:00,1.0,1621280407183,1621280407183
1271,149,a,11/28/2016 23:58:00,1.0,1621280407214,1621280407214
1280,150,a,11/28/2016 23:59:00,1.0,1621280407498,1621280407498
1287,151,a,11/29/2016 00:00:00,1.0,1621280407717,1621280407717
1293,152,a,11/29/2016 00:01:00,1.0,1621280407905,1621280407905
1300,153,a,11/29/2016 00:02:00,1.0,1621280408124,1621280408124
1305,154,a,11/29/2016 00:03:00,1.0,1621280408280,1621280408280
1313,155,a,11/29/2016 00:03:00,1.0,1621280408545,1621280408545
1320,156,a,11/29/2016 00:04:00,1.0,1621280408764,1621280408764
1323,157,a,11/29/2016 00:05:00,1.0,1621280408858,1621280408858
1324,158,a,11/29/2016 00:05:00,1.0,1621280408890,1621280408890
1331,159,a,11/29/2016 00:06:00,1.0,1621280409108,1621280409108
1334,160,a,11/29/2016 00:06:00,1.0,1621280409202,1621280409202
1358,161,a,11/29/2016 00:09:00,1.0,1621280409953,1621280409953
1367,162,a,11/29/2016 00:10:00,1.0,1621280410235,1621280410235
1372,163,a,11/29/2016 00:10:00,1.0,1621280410406,1621280410406
1373,164,a,11/29/2016 00:11:00,1.0,1621280410437,1621280410437
1376,165,a,11/29/2016 00:11:00,1.0,1621280410532,1621280410532
1381,166,a,11/29/2016 00:11:00,1.0,1621280410689,1621280410689
1388,167,a,11/29/2016 00:12:00,1.0,1621280410910,1621280410910
1392,168,a,11/29/2016 00:12:00,1.0,1621280411036,1621280411036
1409,169,a,11/29/2016 00:14:00,1.0,1621280411566,1621280411566
1418,170,a,11/29/2016 00:15:00,1.0,1621280411849,1621280411849
1450,171,a,11/29/2016 00:19:00,1.0,1621280412853,1621280412853
1451,172,a,11/29/2016 00:19:00,1.0,1621280412885,1621280412885
1459,173,a,11/29/2016 00:20:00,1.0,1621280413149,1621280413149
1461,174,a,11/29/2016 00:21:00,1.0,1621280413211,1621280413211
1467,175,a,11/29/2016 00:22:00,1.0,1621280413399,1621280413399
1468,176,a,11/29/2016 00:22:00,1.0,1621280413430,1621280413430
1471,177,a,11/29/2016 00:23:00,1.0,1621280413538,1621280413538
1473,178,a,11/29/2016 00:23:00,1.0,1621280413601,1621280413601
1486,179,a,11/29/2016 00:24:00,1.0,1621280414021,1621280414021
1493,180,a,11/29/2016 00:25:00,1.0,1621280414256,1621280414256
1497,181,a,11/29/2016 00:25:00,1.0,1621280414382,1621280414382
1503,182,a,11/29/2016 00:26:00,1.0,1621280414571,1621280414571
1505,183,a,11/29/2016 00:26:00,1.0,1621280414634,1621280414634
1515,184,a,11/29/2016 00:27:00,1.0,1621280414947,1621280414947
1532,185,a,11/29/2016 00:30:00,1.0,1621280415494,1621280415494
1534,186,a,11/29/2016 00:30:00,1.0,1621280415557,1621280415557
1546,187,a,11/29/2016 00:31:00,1.0,1621280415933,1621280415933
1567,188,a,11/29/2016 00:34:00,1.0,1621280416592,1621280416592
1570,189,a,11/29/2016 00:34:00,1.0,1621280416686,1621280416686
1581,190,a,11/29/2016 00:36:00,1.0,1621280417031,1621280417031
1584,191,a,11/29/2016 00:36:00,1.0,1621280417125,1621280417125
1598,192,a,11/29/2016 00:38:00,1.0,1621280417561,1621280417561
1603,193,a,11/29/2016 00:39:00,1.0,1621280417732,1621280417732
1604,194,a,11/29/2016 00:39:00,1.0,1621280417764,1621280417764
1612,195,a,11/29/2016 00:40:00,1.0,1621280418014,1621280418014
1619,196,a,11/29/2016 00:41:00,1.0,1621280418232,1621280418232
1622,197,a,11/29/2016 00:41:00,1.0,1621280418326,1621280418326
1633,198,a,11/29/2016 00:42:00,1.0,1621280418670,1621280418670
1635,199,a,11/29/2016 00:42:00,1.0,1621280418732,1621280418732
1638,200,a,11/29/2016 00:43:00,1.0,1621280418826,1621280418826
1651,201,a,11/29/2016 00:44:00,1.0,1621280419228,1621280419228
1652,202,a,11/29/2016 00:44:00,1.0,1621280419259,1621280419259
1658,203,a,11/29/2016 00:45:00,1.0,1621280419447,1621280419447
1661,204,a,11/29/2016 00:45:00,1.0,1621280419540,1621280419540
1669,205,a,11/29/2016 00:45:00,1.0,1621280419789,1621280419789
1672,206,a,11/29/2016 00:46:00,1.0,1621280419883,1621280419883
1673,207,a,11/29/2016 00:46:00,1.0,1621280419914,1621280419914
1682,208,a,11/29/2016 00:46:00,1.0,1621280420198,1621280420198
1695,209,a,11/29/2016 00:47:00,1.0,1621280420622,1621280420622
1725,210,a,11/29/2016 00:50:00,1.0,1621280421560,1621280421560
1758,211,a,11/29/2016 00:53:00,1.0,1621280422628,1621280422628
1761,212,a,11/29/2016 00:53:00,1.0,1621280422720,1621280422720
1778,213,a,11/29/2016 00:55:00,1.0,1621280423253,1621280423253
1802,214,a,11/29/2016 00:59:00,1.0,1621280424031,1621280424031
1817,215,a,11/29/2016 01:01:00,1.0,1621280424500,1621280424500
1823,216,a,11/29/2016 01:02:00,1.0,1621280424705,1621280424705
1828,217,a,11/29/2016 01:03:00,1.0,1621280424861,1621280424861
1838,218,a,11/29/2016 01:04:00,1.0,1621280425173,1621280425173
1844,219,a,11/29/2016 01:05:00,1.0,1621280425362,1621280425362
1853,220,a,11/29/2016 01:06:00,1.0,1621280425644,1621280425644
1870,221,a,11/29/2016 01:08:00,1.0,1621280426177,1621280426177
1877,222,a,11/29/2016 01:08:00,1.0,1621280426396,1621280426396
1896,223,a,11/29/2016 01:10:00,1.0,1621280426989,1621280426989
1897,224,a,11/29/2016 01:11:00,1.0,1621280427020,1621280427020
1899,225,a,11/29/2016 01:11:00,1.0,1621280427083,1621280427083
1900,226,a,11/29/2016 01:11:00,1.0,1621280427114,1621280427114
1902,227,a,11/29/2016 01:11:00,1.0,1621280427176,1621280427176
1934,228,a,11/29/2016 01:14:00,1.0,1621280428189,1621280428189
1958,229,a,11/29/2016 01:18:00,1.0,1621280428973,1621280428973
1966,230,a,11/29/2016 01:20:00,1.0,1621280429228,1621280429228
1969,231,a,11/29/2016 01:20:00,1.0,1621280429324,1621280429324
1971,232,a,11/29/2016 01:21:00,1.0,1621280429388,1621280429388
1972,233,a,11/29/2016 01:21:00,1.0,1621280429435,1621280429436
1982,234,a,11/29/2016 01:23:00,1.0,1621280429865,1621280429865
1984,235,a,11/29/2016 01:23:00,1.0,1621280429959,1621280429959
1988,236,a,11/29/2016 01:23:00,1.0,1621280430114,1621280430114
2004,237,a,11/29/2016 01:25:00,1.0,1621280430623,1621280430623
2048,238,a,11/29/2016 01:31:00,1.0,1621280432027,1621280432027
2061,239,a,11/29/2016 01:35:00,1.0,1621280432441,1621280432441
2065,240,a,11/29/2016 01:35:00,1.0,1621280432569,1621280432569
2069,241,a,11/29/2016 01:36:00,1.0,1621280432696,1621280432696
2077,242,a,11/29/2016 01:38:00,1.0,1621280432952,1621280432952
2084,243,a,11/29/2016 01:39:00,1.0,1621280433175,1621280433175
2089,244,a,11/29/2016 01:40:00,1.0,1621280433335,1621280433335
2095,245,a,11/29/2016 01:41:00,1.0,1621280433526,1621280433526
2096,246,a,11/29/2016 01:41:00,1.0,1621280433558,1621280433558
2097,247,a,11/29/2016 01:41:00,1.0,1621280433590,1621280433590
2103,248,a,11/29/2016 01:41:00,1.0,1621280433796,1621280433796
2114,249,a,11/29/2016 01:42:00,1.0,1621280434146,1621280434146
2121,250,a,11/29/2016 01:43:00,1.0,1621280434369,1621280434369
2129,251,a,11/29/2016 01:44:00,1.0,1621280434637,1621280434637
2133,252,a,11/29/2016 01:44:00,1.0,1621280434763,1621280434763
2157,253,a,11/29/2016 01:46:00,1.0,1621280435526,1621280435526
2166,254,a,11/29/2016 01:47:00,1.0,1621280435813,1621280435813
2170,255,a,11/29/2016 01:47:00,1.0,1621280435941,1621280435941
2175,256,a,11/29/2016 01:47:00,1.0,1621280436101,1621280436101
2181,257,a,11/29/2016 01:47:00,1.0,1621280436292,1621280436292
2190,258,a,11/29/2016 01:48:00,1.0,1621280436579,1621280436579
2202,259,a,11/29/2016 01:49:00,1.0,1621280436960,1621280436960
2225,260,a,11/29/2016 01:51:00,1.0,1621280437694,1621280437694
2245,261,a,11/29/2016 01:53:00,1.0,1621280438364,1621280438364
2259,262,a,11/29/2016 01:54:00,1.0,1621280438808,1621280438808
2279,263,a,11/29/2016 01:58:00,1.0,1621280439461,1621280439461
2280,264,a,11/29/2016 01:58:00,1.0,1621280439493,1621280439493
2288,265,a,11/29/2016 01:59:00,1.0,1621280439746,1621280439746
2292,266,a,11/29/2016 01:59:00,1.0,1621280439879,1621280439879
2293,267,a,11/29/2016 01:59:00,1.0,1621280439922,1621280439922
2295,268,a,11/29/2016 01:59:00,1.0,1621280439986,1621280439986
2309,269,a,11/29/2016 02:01:00,1.0,1621280440434,1621280440434
2340,270,a,11/29/2016 02:04:00,1.0,1621280441441,1621280441441
2341,271,a,11/29/2016 02:04:00,1.0,1621280441473,1621280441473
2345,272,a,11/29/2016 02:05:00,1.0,1621280441601,1621280441601
2346,273,a,11/29/2016 02:05:00,1.0,1621280441633,1621280441633
2360,274,a,11/29/2016 02:06:00,1.0,1621280442081,1621280442081
2365,275,a,11/29/2016 02:07:00,1.0,1621280442240,1621280442240
2366,276,a,11/29/2016 02:07:00,1.0,1621280442272,1621280442272
2382,277,a,11/29/2016 02:08:00,1.0,1621280442782,1621280442782
2393,278,a,11/29/2016 02:09:00,1.0,1621280443132,1621280443132
2401,279,a,11/29/2016 02:10:00,1.0,1621280443388,1621280443388
2406,280,a,11/29/2016 02:10:00,1.0,1621280443548,1621280443548
2422,281,a,11/29/2016 02:12:00,1.0,1621280444058,1621280444058
2425,282,a,11/29/2016 02:12:00,1.0,1621280444154,1621280444154
2426,283,a,11/29/2016 02:12:00,1.0,1621280444186,1621280444186
2429,284,a,11/29/2016 02:12:00,1.0,1621280444281,1621280444281
2430,285,a,11/29/2016 02:12:00,1.0,1621280444313,1621280444313
2437,286,a,11/29/2016 02:13:00,1.0,1621280444537,1621280444537
2454,287,a,11/29/2016 02:15:00,1.0,1621280445080,1621280445080
2471,288,a,11/29/2016 02:16:00,1.0,1621280445622,1621280445622
2492,289,a,11/29/2016 02:19:00,1.0,1621280446292,1621280446292
2514,290,a,11/29/2016 02:21:00,1.0,1621280446993,1621280446993
2520,291,a,11/29/2016 02:22:00,1.0,1621280447185,1621280447185
2523,292,a,11/29/2016 02:22:00,1.0,1621280447281,1621280447281
2529,293,a,11/29/2016 02:23:00,1.0,1621280447473,1621280447473
2533,294,a,11/29/2016 02:23:00,1.0,1621280447601,1621280447601
2538,295,a,11/29/2016 02:24:00,1.0,1621280447761,1621280447761
2544,296,a,11/29/2016 02:25:00,1.0,1621280447952,1621280447952
2554,297,a,11/29/2016 02:26:00,1.0,1621280448271,1621280448271
2555,298,a,11/29/2016 02:26:00,1.0,1621280448303,1621280448303
2561,299,a,11/29/2016 02:27:00,1.0,1621280448495,1621280448495
2569,300,a,11/29/2016 02:28:00,1.0,1621280448750,1621280448750
2595,301,a,11/29/2016 02:31:00,1.0,1621280449580,1621280449580
2599,302,a,11/29/2016 02:31:00,1.0,1621280449708,1621280449708
2603,303,a,11/29/2016 02:32:00,1.0,1621280449836,1621280449836
2616,304,a,11/29/2016 02:34:00,1.0,1621280450252,1621280450252
2643,305,a,11/29/2016 02:38:00,1.0,1621280451098,1621280451098
2644,306,a,11/29/2016 02:38:00,1.0,1621280451128,1621280451128
2647,307,a,11/29/2016 02:39:00,1.0,1621280451223,1621280451223
2650,308,a,11/29/2016 02:39:00,1.0,1621280451333,1621280451333
2659,309,a,11/29/2016 02:41:00,1.0,1621280451628,1621280451628
2665,310,a,11/29/2016 02:42:00,1.0,1621280451819,1621280451819
2669,311,a,11/29/2016 02:43:00,1.0,1621280451944,1621280451944
2680,312,a,11/29/2016 02:44:00,1.0,1621280452291,1621280452291
2699,313,a,11/29/2016 02:47:00,1.0,1621280452886,1621280452886
2702,314,a,11/29/2016 02:47:00,1.0,1621280452994,1621280452994
2722,315,a,11/29/2016 02:50:00,1.0,1621280453633,1621280453633
2731,316,a,11/29/2016 02:52:00,1.0,1621280453917,1621280453917
2735,317,a,11/29/2016 02:52:00,1.0,1621280454042,1621280454042
2736,318,a,11/29/2016 02:52:00,1.0,1621280454074,1621280454074
2737,319,a,11/29/2016 02:52:00,1.0,1621280454105,1621280454105
2748,320,a,11/29/2016 02:54:00,1.0,1621280454451,1621280454451
2751,321,a,11/29/2016 02:54:00,1.0,1621280454545,1621280454545
2755,322,a,11/29/2016 02:54:00,1.0,1621280454671,1621280454671
2766,323,a,11/29/2016 02:56:00,1.0,1621280455021,1621280455021
2785,324,a,11/29/2016 02:58:00,1.0,1621280455621,1621280455621
2802,325,a,11/29/2016 03:00:00,1.0,1621280456153,1621280456153
2808,326,a,11/29/2016 03:01:00,1.0,1621280456341,1621280456341
2815,327,a,11/29/2016 03:02:00,1.0,1621280456576,1621280456576
2820,328,a,11/29/2016 03:02:00,1.0,1621280456747,1621280456747
2831,329,a,11/29/2016 03:03:00,1.0,1621280457095,1621280457095
2834,330,a,11/29/2016 03:03:00,1.0,1621280457190,1621280457190
2835,331,a,11/29/2016 03:03:00,1.0,1621280457222,1621280457222
2838,332,a,11/29/2016 03:04:00,1.0,1621280457318,1621280457318
2841,333,a,11/29/2016 03:04:00,1.0,1621280457412,1621280457413
2842,334,a,11/29/2016 03:04:00,1.0,1621280457444,1621280457444
2856,335,a,11/29/2016 03:05:00,1.0,1621280457885,1621280457885
2877,336,a,11/29/2016 03:07:00,1.0,1621280458559,1621280458559
2879,337,a,11/29/2016 03:07:00,1.0,1621280458620,1621280458620
2893,338,a,11/29/2016 03:08:00,1.0,1621280459060,1621280459060
2908,339,a,11/29/2016 03:10:00,1.0,1621280459529,1621280459529
2913,340,a,11/29/2016 03:10:00,1.0,1621280459687,1621280459687
2916,341,a,11/29/2016 03:10:00,1.0,1621280459782,1621280459782
2918,342,a,11/29/2016 03:11:00,1.0,1621280459846,1621280459846
2923,343,a,11/29/2016 03:11:00,1.0,1621280460000,1621280460000
2938,344,a,11/29/2016 03:12:00,1.0,1621280460471,1621280460471
2948,345,a,11/29/2016 03:13:00,1.0,1621280460786,1621280460786
2980,346,a,11/29/2016 03:16:00,1.0,1621280461803,1621280461803
2999,347,a,11/29/2016 03:18:00,1.0,1621280462399,1621280462399
3002,348,a,11/29/2016 03:19:00,1.0,1621280462494,1621280462494
3013,349,a,11/29/2016 03:21:00,1.0,1621280462838,1621280462838
3016,350,a,11/29/2016 03:21:00,1.0,1621280462933,1621280462933
3045,351,a,11/29/2016 03:26:00,1.0,1621280463856,1621280463856
3047,352,a,11/29/2016 03:27:00,1.0,1621280463918,1621280463918
3058,353,a,11/29/2016 03:30:00,1.0,1621280464262,1621280464262
3060,354,a,11/29/2016 03:31:00,1.0,1621280464340,1621280464340
3068,355,a,11/29/2016 03:33:00,1.0,1621280464595,1621280464595
3069,356,a,11/29/2016 03:33:00,1.0,1621280464626,1621280464626
3071,357,a,11/29/2016 03:33:00,1.0,1621280464690,1621280464690
3072,358,a,11/29/2016 03:34:00,1.0,1621280464721,1621280464721
3074,359,a,11/29/2016 03:34:00,1.0,1621280464783,1621280464783
3083,360,a,11/29/2016 03:35:00,1.0,1621280465064,1621280465064
3094,361,a,11/29/2016 03:37:00,1.0,1621280465409,1621280465409
3126,362,a,11/29/2016 03:45:00,1.0,1621280466418,1621280466418
3128,363,a,11/29/2016 03:47:00,1.0,1621280466481,1621280466481
3131,364,a,11/29/2016 03:48:00,1.0,1621280466576,1621280466576
3132,365,a,11/29/2016 03:48:00,1.0,1621280466607,1621280466607
3134,366,a,11/29/2016 03:49:00,1.0,1621280466685,1621280466685
3150,367,a,11/29/2016 03:52:00,1.0,1621280467186,1621280467186
3151,368,a,11/29/2016 03:52:00,1.0,1621280467217,1621280467217
3152,369,a,11/29/2016 03:52:00,1.0,1621280467249,1621280467249
3162,370,a,11/29/2016 03:54:00,1.0,1621280467607,1621280467607
3179,371,a,11/29/2016 03:57:00,1.0,1621280468141,1621280468141
3182,372,a,11/29/2016 03:57:00,1.0,1621280468235,1621280468235
3190,373,a,11/29/2016 03:59:00,1.0,1621280468486,1621280468486
3202,374,a,11/29/2016 04:01:00,1.0,1621280468860,1621280468860
3211,375,a,11/29/2016 04:03:00,1.0,1621280469156,1621280469156
3224,376,a,11/29/2016 04:06:00,1.0,1621280469565,1621280469565
3226,377,a,11/29/2016 04:07:00,1.0,1621280469627,1621280469627
3232,378,a,11/29/2016 04:08:00,1.0,1621280469829,1621280469829
3237,379,a,11/29/2016 04:09:00,1.0,1621280469984,1621280469984
3239,380,a,11/29/2016 04:09:00,1.0,1621280470062,1621280470062
3248,381,a,11/29/2016 04:10:00,1.0,1621280470359,1621280470359
3249,382,a,11/29/2016 04:10:00,1.0,1621280470390,1621280470390
3251,383,a,11/29/2016 04:10:00,1.0,1621280470468,1621280470468
3254,384,a,11/29/2016 04:11:00,1.0,1621280470561,1621280470561
3278,385,a,11/29/2016 04:13:00,1.0,1621280471314,1621280471314
3282,386,a,11/29/2016 04:14:00,1.0,1621280471455,1621280471455
3288,387,a,11/29/2016 04:14:00,1.0,1621280471643,1621280471643
3291,388,a,11/29/2016 04:15:00,1.0,1621280471738,1621280471738
3316,389,a,11/29/2016 04:17:00,1.0,1621280472517,1621280472517
3320,390,a,11/29/2016 04:17:00,1.0,1621280472641,1621280472641
3327,391,a,11/29/2016 04:18:00,1.0,1621280472862,1621280472862
3341,392,a,11/29/2016 04:19:00,1.0,1621280473330,1621280473330
3362,393,a,11/29/2016 04:21:00,1.0,1621280474007,1621280474007
3367,394,a,11/29/2016 04:22:00,1.0,1621280474164,1621280474164
3396,395,a,11/29/2016 04:26:00,1.0,1621280475081,1621280475081
3399,396,a,11/29/2016 04:26:00,1.0,1621280475176,1621280475176
3400,397,a,11/29/2016 04:26:00,1.0,1621280475209,1621280475209
3409,398,a,11/29/2016 04:27:00,1.0,1621280475494,1621280475494
3412,399,a,11/29/2016 04:27:00,1.0,1621280475590,1621280475590
3418,400,a,11/29/2016 04:28:00,1.0,1621280475779,1621280475779
3420,401,a,11/29/2016 04:28:00,1.0,1621280475841,1621280475841
3423,402,a,11/29/2016 04:29:00,1.0,1621280475934,1621280475934
3446,403,a,11/29/2016 04:32:00,1.0,1621280476679,1621280476679
3447,404,a,11/29/2016 04:32:00,1.0,1621280476710,1621280476710
3471,405,a,11/29/2016 04:35:00,1.0,1621280477461,1621280477461
3477,406,a,11/29/2016 04:36:00,1.0,1621280477651,1621280477651
3482,407,a,11/29/2016 04:37:00,1.0,1621280477822,1621280477822
3486,408,a,11/29/2016 04:37:00,1.0,1621280477949,1621280477949
3499,409,a,11/29/2016 04:39:00,1.0,1621280478378,1621280478378
3504,410,a,11/29/2016 04:40:00,1.0,1621280478534,1621280478534
3507,411,a,11/29/2016 04:41:00,1.0,1621280478628,1621280478628
3513,412,a,11/29/2016 04:41:00,1.0,1621280478815,1621280478815
3516,413,a,11/29/2016 04:42:00,1.0,1621280478909,1621280478909
3520,414,a,11/29/2016 04:42:00,1.0,1621280479034,1621280479034
3522,415,a,11/29/2016 04:42:00,1.0,1621280479096,1621280479096
3524,416,a,11/29/2016 04:42:00,1.0,1621280479160,1621280479160
3543,417,a,11/29/2016 04:45:00,1.0,1621280479769,1621280479769
3547,418,a,11/29/2016 04:45:00,1.0,1621280479894,1621280479894
3579,419,a,11/29/2016 04:50:00,1.0,1621280480895,1621280480895
3584,420,a,11/29/2016 04:51:00,1.0,1621280481052,1621280481052
3592,421,a,11/29/2016 04:52:00,1.0,1621280481318,1621280481318
3594,422,a,11/29/2016 04:52:00,1.0,1621280481381,1621280481381
3596,423,a,11/29/2016 04:52:00,1.0,1621280481444,1621280481444
3608,424,a,11/29/2016 04:54:00,1.0,1621280481839,1621280481839
3609,425,a,11/29/2016 04:54:00,1.0,1621280481871,1621280481871
3630,426,a,11/29/2016 04:57:00,1.0,1621280482532,1621280482532
3640,427,a,11/29/2016 04:59:00,1.0,1621280482858,1621280482858
3641,428,a,11/29/2016 04:59:00,1.0,1621280482889,1621280482889
3645,429,a,11/29/2016 04:59:00,1.0,1621280483016,1621280483016
3653,430,a,11/29/2016 05:01:00,1.0,1621280483267,1621280483267
3666,431,a,11/29/2016 05:03:00,1.0,1621280483706,1621280483706
3667,432,a,11/29/2016 05:03:00,1.0,1621280483753,1621280483753
3672,433,a,11/29/2016 05:03:00,1.0,1621280483911,1621280483911
3675,434,a,11/29/2016 05:04:00,1.0,1621280484005,1621280484005
3691,435,a,11/29/2016 05:05:00,1.0,1621280484511,1621280484511
3719,436,a,11/29/2016 05:09:00,1.0,1621280485403,1621280485403
3724,437,a,11/29/2016 05:10:00,1.0,1621280485558,1621280485558
3726,438,a,11/29/2016 05:10:00,1.0,1621280485620,1621280485620
3733,439,a,11/29/2016 05:11:00,1.0,1621280485837,1621280485837
3735,440,a,11/29/2016 05:12:00,1.0,1621280485900,1621280485900
3737,441,a,11/29/2016 05:12:00,1.0,1621280485962,1621280485962
3744,442,a,11/29/2016 05:13:00,1.0,1621280486179,1621280486179
3747,443,a,11/29/2016 05:13:00,1.0,1621280486288,1621280486288
3752,444,a,11/29/2016 05:14:00,1.0,1621280486444,1621280486444
3753,445,a,11/29/2016 05:14:00,1.0,1621280486475,1621280486475
3766,446,a,11/29/2016 05:15:00,1.0,1621280486878,1621280486878
3781,447,a,11/29/2016 05:16:00,1.0,1621280487361,1621280487361
3804,448,a,11/29/2016 05:19:00,1.0,1621280488096,1621280488096
3815,449,a,11/29/2016 05:20:00,1.0,1621280488440,1621280488440
3818,450,a,11/29/2016 05:20:00,1.0,1621280488534,1621280488534
3821,451,a,11/29/2016 05:20:00,1.0,1621280488628,1621280488628
3825,452,a,11/29/2016 05:20:00,1.0,1621280488755,1621280488755
3830,453,a,11/29/2016 05:21:00,1.0,1621280488910,1621280488910
3838,454,a,11/29/2016 05:21:00,1.0,1621280489175,1621280489175
3849,455,a,11/29/2016 05:22:00,1.0,1621280489518,1621280489518
3854,456,a,11/29/2016 05:22:00,1.0,1621280489690,1621280489690
3856,457,a,11/29/2016 05:22:00,1.0,1621280489767,1621280489767
3858,458,a,11/29/2016 05:22:00,1.0,1621280489829,1621280489829
3864,459,a,11/29/2016 05:23:00,1.0,1621280490030,1621280490030
3865,460,a,11/29/2016 05:23:00,1.0,1621280490077,1621280490077
3868,461,a,11/29/2016 05:23:00,1.0,1621280490172,1621280490172
3869,462,a,11/29/2016 05:23:00,1.0,1621280490204,1621280490204
3886,463,a,11/29/2016 05:24:00,1.0,1621280490733,1621280490733
3909,464,a,11/29/2016 05:25:00,1.0,1621280491470,1621280491470
3919,465,a,11/29/2016 05:26:00,1.0,1621280491797,1621280491797
3946,466,a,11/29/2016 05:27:00,1.0,1621280492658,1621280492658
3975,467,a,11/29/2016 05:29:00,1.0,1621280493584,1621280493584
4004,468,a,11/29/2016 05:32:00,1.0,1621280494523,1621280494523
4009,469,a,11/29/2016 05:33:00,1.0,1621280494683,1621280494683
4010,470,a,11/29/2016 05:33:00,1.0,1621280494714,1621280494714
4014,471,a,11/29/2016 05:33:00,1.0,1621280494855,1621280494855
4032,472,a,11/29/2016 05:35:00,1.0,1621280495416,1621280495416
4047,473,a,11/29/2016 05:37:00,1.0,1621280495886,1621280495886
4055,474,a,11/29/2016 05:37:00,1.0,1621280496149,1621280496149
4072,475,a,11/29/2016 05:39:00,1.0,1621280496676,1621280496676
4079,476,a,11/29/2016 05:40:00,1.0,1621280496895,1621280496895
4084,477,a,11/29/2016 05:41:00,1.0,1621280497051,1621280497051
4093,478,a,11/29/2016 05:42:00,1.0,1621280497332,1621280497332
4130,479,a,11/29/2016 05:47:00,1.0,1621280498507,1621280498507
4137,480,a,11/29/2016 05:47:00,1.0,1621280498727,1621280498727
4149,481,a,11/29/2016 05:49:00,1.0,1621280499122,1621280499122
4153,482,a,11/29/2016 05:49:00,1.0,1621280499247,1621280499247
4171,483,a,11/29/2016 05:52:00,1.0,1621280499812,1621280499812
4172,484,a,11/29/2016 05:52:00,1.0,1621280499843,1621280499843
4186,485,a,11/29/2016 05:54:00,1.0,1621280500293,1621280500293
4188,486,a,11/29/2016 05:54:00,1.0,1621280500355,1621280500355
4189,487,a,11/29/2016 05:54:00,1.0,1621280500386,1621280500386
4192,488,a,11/29/2016 05:54:00,1.0,1621280500495,1621280500495
4202,489,a,11/29/2016 05:56:00,1.0,1621280500836,1621280500836
4207,490,a,11/29/2016 05:56:00,1.0,1621280500992,1621280500992
4219,491,a,11/29/2016 05:58:00,1.0,1621280501386,1621280501386
4226,492,a,11/29/2016 05:59:00,1.0,1621280501607,1621280501607
4233,493,a,11/29/2016 05:59:00,1.0,1621280501843,1621280501843
4237,494,a,11/29/2016 06:00:00,1.0,1621280501984,1621280501984
4238,495,a,11/29/2016 06:00:00,1.0,1621280502016,1621280502016
4246,496,a,11/29/2016 06:01:00,1.0,1621280502269,1621280502269
4269,497,a,11/29/2016 06:03:00,1.0,1621280503035,1621280503035
4270,498,a,11/29/2016 06:03:00,1.0,1621280503066,1621280503066
4273,499,a,11/29/2016 06:04:00,1.0,1621280503161,1621280503161
4285,500,a,11/29/2016 06:05:00,1.0,1621280503553,1621280503553
4304,501,a,11/29/2016 06:07:00,1.0,1621280504152,1621280504152
4310,502,a,11/29/2016 06:08:00,1.0,1621280504339,1621280504339
4321,503,a,11/29/2016 06:09:00,1.0,1621280504686,1621280504686
4328,504,a,11/29/2016 06:11:00,1.0,1621280504921,1621280504921
4330,505,a,11/29/2016 06:12:00,1.0,1621280504983,1621280504983
4333,506,a,11/29/2016 06:12:00,1.0,1621280505077,1621280505077
4334,507,a,11/29/2016 06:12:00,1.0,1621280505108,1621280505108
4341,508,a,11/29/2016 06:13:00,1.0,1621280505326,1621280505326
4342,509,a,11/29/2016 06:13:00,1.0,1621280505356,1621280505356
4345,510,a,11/29/2016 06:13:00,1.0,1621280505452,1621280505452
4348,511,a,11/29/2016 06:14:00,1.0,1621280505545,1621280505545
4352,512,a,11/29/2016 06:14:00,1.0,1621280505669,1621280505670
4354,513,a,11/29/2016 06:14:00,1.0,1621280505732,1621280505733
4368,514,a,11/29/2016 06:16:00,1.0,1621280506202,1621280506202
4384,515,a,11/29/2016 06:17:00,1.0,1621280506717,1621280506717
4397,516,a,11/29/2016 06:18:00,1.0,1621280507137,1621280507137
4410,517,a,11/29/2016 06:19:00,1.0,1621280507557,1621280507557
4412,518,a,11/29/2016 06:19:00,1.0,1621280507619,1621280507619
4417,519,a,11/29/2016 06:20:00,1.0,1621280507777,1621280507777
4439,520,a,11/29/2016 06:21:00,1.0,1621280508537,1621280508537
4446,521,a,11/29/2016 06:22:00,1.0,1621280508772,1621280508772
4465,522,a,11/29/2016 06:24:00,1.0,1621280509382,1621280509382
4470,523,a,11/29/2016 06:24:00,1.0,1621280509551,1621280509551
4475,524,a,11/29/2016 06:24:00,1.0,1621280509708,1621280509708
4479,525,a,11/29/2016 06:25:00,1.0,1621280509833,1621280509833
4490,526,a,11/29/2016 06:26:00,1.0,1621280510193,1621280510193
4498,527,a,11/29/2016 06:26:00,1.0,1621280510443,1621280510443
4513,528,a,11/29/2016 06:27:00,1.0,1621280510926,1621280510926
4528,529,a,11/29/2016 06:28:00,1.0,1621280511425,1621280511425
4531,530,a,11/29/2016 06:29:00,1.0,1621280511536,1621280511536
4532,531,a,11/29/2016 06:29:00,1.0,1621280511567,1621280511567
4546,532,a,11/29/2016 06:30:00,1.0,1621280512036,1621280512036
4558,533,a,11/29/2016 06:31:00,1.0,1621280512413,1621280512413
4567,534,a,11/29/2016 06:32:00,1.0,1621280512710,1621280512710
4568,535,a,11/29/2016 06:32:00,1.0,1621280512741,1621280512741
4575,536,a,11/29/2016 06:32:00,1.0,1621280512961,1621280512961
4576,537,a,11/29/2016 06:32:00,1.0,1621280512992,1621280512992
4582,538,a,11/29/2016 06:33:00,1.0,1621280513179,1621280513179
4587,539,a,11/29/2016 06:33:00,1.0,1621280513337,1621280513337
4592,540,a,11/29/2016 06:34:00,1.0,1621280513494,1621280513494
4595,541,a,11/29/2016 06:34:00,1.0,1621280513602,1621280513602
4612,542,a,11/29/2016 06:35:00,1.0,1621280514185,1621280514185
4651,543,a,11/29/2016 06:38:00,1.0,1621280515484,1621280515484
4662,544,a,11/29/2016 06:39:00,1.0,1621280515848,1621280515848
4665,545,a,11/29/2016 06:39:00,1.0,1621280515943,1621280515943
4681,546,a,11/29/2016 06:41:00,1.0,1621280516458,1621280516458
4684,547,a,11/29/2016 06:41:00,1.0,1621280516551,1621280516551
4692,548,a,11/29/2016 06:42:00,1.0,1621280516800,1621280516800
4693,549,a,11/29/2016 06:42:00,1.0,1621280516831,1621280516831
4697,550,a,11/29/2016 06:43:00,1.0,1621280516957,1621280516957
4709,551,a,11/29/2016 06:43:00,1.0,1621280517363,1621280517363
4719,552,a,11/29/2016 06:44:00,1.0,1621280517705,1621280517705
4731,553,a,11/29/2016 06:46:00,1.0,1621280518092,1621280518092
4749,554,a,11/29/2016 06:48:00,1.0,1621280518664,1621280518664
4751,555,a,11/29/2016 06:48:00,1.0,1621280518727,1621280518727
4752,556,a,11/29/2016 06:48:00,1.0,1621280518758,1621280518758
4758,557,a,11/29/2016 06:49:00,1.0,1621280518977,1621280518977
4770,558,a,11/29/2016 06:50:00,1.0,1621280519381,1621280519381
4774,559,a,11/29/2016 06:50:00,1.0,1621280519507,1621280519507
4778,560,a,11/29/2016 06:51:00,1.0,1621280519632,1621280519632
4779,561,a,11/29/2016 06:51:00,1.0,1621280519663,1621280519663
4781,562,a,11/29/2016 06:51:00,1.0,1621280519726,1621280519726
4791,563,a,11/29/2016 06:52:00,1.0,1621280520067,1621280520067
4797,564,a,11/29/2016 06:52:00,1.0,1621280520256,1621280520256
4807,565,a,11/29/2016 06:53:00,1.0,1621280520574,1621280520574
4814,566,a,11/29/2016 06:54:00,1.0,1621280520794,1621280520794
4820,567,a,11/29/2016 06:55:00,1.0,1621280520981,1621280520981
4824,568,a,11/29/2016 06:55:00,1.0,1621280521106,1621280521106
4830,569,a,11/29/2016 06:55:00,1.0,1621280521294,1621280521294
4846,570,a,11/29/2016 06:56:00,1.0,1621280521816,1621280521816
4851,571,a,11/29/2016 06:57:00,1.0,1621280521971,1621280521971
4869,572,a,11/29/2016 06:59:00,1.0,1621280522538,1621280522538
4882,573,a,11/29/2016 07:00:00,1.0,1621280522943,1621280522943
4887,574,a,11/29/2016 07:01:00,1.0,1621280523099,1621280523099
4897,575,a,11/29/2016 07:01:00,1.0,1621280523413,1621280523413
4919,576,a,11/29/2016 07:04:00,1.0,1621280524135,1621280524135
4921,577,a,11/29/2016 07:04:00,1.0,1621280524198,1621280524198
4928,578,a,11/29/2016 07:05:00,1.0,1621280524419,1621280524419
4932,579,a,11/29/2016 07:06:00,1.0,1621280524545,1621280524545
4937,580,a,11/29/2016 07:06:00,1.0,1621280524703,1621280524703
4947,581,a,11/29/2016 07:07:00,1.0,1621280525018,1621280525018
4960,582,a,11/29/2016 07:08:00,1.0,1621280525424,1621280525424
4974,583,a,11/29/2016 07:10:00,1.0,1621280525880,1621280525880
4984,584,a,11/29/2016 07:11:00,1.0,1621280526194,1621280526194
4988,585,a,11/29/2016 07:11:00,1.0,1621280526319,1621280526319
4998,586,a,11/29/2016 07:12:00,1.0,1621280526630,1621280526630
5000,587,a,11/29/2016 07:12:00,1.0,1621280526708,1621280526708
5022,588,a,11/29/2016 07:15:00,1.0,1621280527472,1621280527473
5029,589,a,11/29/2016 07:16:00,1.0,1621280527707,1621280527707
5053,590,a,11/29/2016 07:18:00,1.0,1621280528474,1621280528474
5055,591,a,11/29/2016 07:18:00,1.0,1621280528538,1621280528538
5072,592,a,11/29/2016 07:21:00,1.0,1621280529113,1621280529113
5080,593,a,11/29/2016 07:23:00,1.0,1621280529393,1621280529393
5082,594,a,11/29/2016 07:23:00,1.0,1621280529454,1621280529454
5084,595,a,11/29/2016 07:23:00,1.0,1621280529517,1621280529517
5085,596,a,11/29/2016 07:23:00,1.0,1621280529548,1621280529548
5100,597,a,11/29/2016 07:25:00,1.0,1621280530033,1621280530033
5110,598,a,11/29/2016 07:26:00,1.0,1621280530346,1621280530347
5118,599,a,11/29/2016 07:27:00,1.0,1621280530613,1621280530613
5130,600,a,11/29/2016 07:29:00,1.0,1621280531037,1621280531037
5133,601,a,11/29/2016 07:29:00,1.0,1621280531130,1621280531130
5137,602,a,11/29/2016 07:29:00,1.0,1621280531254,1621280531254
5145,603,a,11/29/2016 07:30:00,1.0,1621280531522,1621280531522
5146,604,a,11/29/2016 07:30:00,1.0,1621280531554,1621280531554
5157,605,a,11/29/2016 07:31:00,1.0,1621280531926,1621280531926
5160,606,a,11/29/2016 07:31:00,1.0,1621280532019,1621280532019
5174,607,a,11/29/2016 07:33:00,1.0,1621280532456,1621280532456
5184,608,a,11/29/2016 07:33:00,1.0,1621280532770,1621280532770
5189,609,a,11/29/2016 07:34:00,1.0,1621280532925,1621280532925
5197,610,a,11/29/2016 07:34:00,1.0,1621280533174,1621280533174
5198,611,a,11/29/2016 07:34:00,1.0,1621280533206,1621280533206
5199,612,a,11/29/2016 07:34:00,1.0,1621280533237,1621280533237
5201,613,a,11/29/2016 07:34:00,1.0,1621280533299,1621280533299
5205,614,a,11/29/2016 07:34:00,1.0,1621280533424,1621280533424
5206,615,a,11/29/2016 07:34:00,1.0,1621280533456,1621280533456
5227,616,a,11/29/2016 07:35:00,1.0,1621280534144,1621280534144
5236,617,a,11/29/2016 07:36:00,1.0,1621280534457,1621280534457
5294,618,a,11/29/2016 07:40:00,1.0,1621280536391,1621280536391
5302,619,a,11/29/2016 07:41:00,1.0,1621280536644,1621280536644
5312,620,a,11/29/2016 07:42:00,1.0,1621280536975,1621280536975
5313,621,a,11/29/2016 07:42:00,1.0,1621280537006,1621280537006
5317,622,a,11/29/2016 07:42:00,1.0,1621280537132,1621280537132
5333,623,a,11/29/2016 07:44:00,1.0,1621280537634,1621280537634
5338,624,a,11/29/2016 07:44:00,1.0,1621280537806,1621280537806
5354,625,a,11/29/2016 07:46:00,1.0,1621280538324,1621280538324
5360,626,a,11/29/2016 07:47:00,1.0,1621280538512,1621280538512
5362,627,a,11/29/2016 07:47:00,1.0,1621280538575,1621280538575
5365,628,a,11/29/2016 07:47:00,1.0,1621280538669,1621280538669
5375,629,a,11/29/2016 07:48:00,1.0,1621280538999,1621280538999
5376,630,a,11/29/2016 07:48:00,1.0,1621280539030,1621280539030
5378,631,a,11/29/2016 07:48:00,1.0,1621280539123,1621280539123
5382,632,a,11/29/2016 07:49:00,1.0,1621280539263,1621280539263
5409,633,a,11/29/2016 07:52:00,1.0,1621280540190,1621280540190
5412,634,a,11/29/2016 07:52:00,1.0,1621280540284,1621280540284
5419,635,a,11/29/2016 07:52:00,1.0,1621280540504,1621280540504
5425,636,a,11/29/2016 07:53:00,1.0,1621280540710,1621280540710
5431,637,a,11/29/2016 07:53:00,1.0,1621280540912,1621280540912
5433,638,a,11/29/2016 07:54:00,1.0,1621280540990,1621280540990
5446,639,a,11/29/2016 07:55:00,1.0,1621280541433,1621280541433
5453,640,a,11/29/2016 07:56:00,1.0,1621280541654,1621280541654
5463,641,a,11/29/2016 07:57:00,1.0,1621280541987,1621280541987
5470,642,a,11/29/2016 07:57:00,1.0,1621280542226,1621280542226
5472,643,a,11/29/2016 07:57:00,1.0,1621280542290,1621280542290
5483,644,a,11/29/2016 07:58:00,1.0,1621280542698,1621280542698
5492,645,a,11/29/2016 07:59:00,1.0,1621280543011,1621280543011
5503,646,a,11/29/2016 08:00:00,1.0,1621280543371,1621280543371
5505,647,a,11/29/2016 08:00:00,1.0,1621280543434,1621280543434
5510,648,a,11/29/2016 08:00:00,1.0,1621280543592,1621280543592
5531,649,a,11/29/2016 08:02:00,1.0,1621280544298,1621280544298
5541,650,a,11/29/2016 08:02:00,1.0,1621280544613,1621280544613
5544,651,a,11/29/2016 08:03:00,1.0,1621280544708,1621280544708
5546,652,a,11/29/2016 08:03:00,1.0,1621280544772,1621280544772
5551,653,a,11/29/2016 08:03:00,1.0,1621280544959,1621280544959
5558,654,a,11/29/2016 08:03:00,1.0,1621280545195,1621280545195
5603,655,a,11/29/2016 08:07:00,1.0,1621280546733,1621280546733
5617,656,a,11/29/2016 08:08:00,1.0,1621280547168,1621280547168
5637,657,a,11/29/2016 08:11:00,1.0,1621280547809,1621280547809
5639,658,a,11/29/2016 08:11:00,1.0,1621280547872,1621280547872
5643,659,a,11/29/2016 08:11:00,1.0,1621280547995,1621280547995
5646,660,a,11/29/2016 08:12:00,1.0,1621280548105,1621280548105
5649,661,a,11/29/2016 08:12:00,1.0,1621280548213,1621280548213
5650,662,a,11/29/2016 08:12:00,1.0,1621280548259,1621280548259
5653,663,a,11/29/2016 08:13:00,1.0,1621280548384,1621280548384
5654,664,a,11/29/2016 08:13:00,1.0,1621280548416,1621280548416
5658,665,a,11/29/2016 08:13:00,1.0,1621280548557,1621280548557
5662,666,a,11/29/2016 08:13:00,1.0,1621280548683,1621280548683
5693,667,a,11/29/2016 08:17:00,1.0,1621280549729,1621280549729
5702,668,a,11/29/2016 08:18:00,1.0,1621280550043,1621280550043
5708,669,a,11/29/2016 08:18:00,1.0,1621280550246,1621280550246
5709,670,a,11/29/2016 08:18:00,1.0,1621280550277,1621280550277
5718,671,a,11/29/2016 08:19:00,1.0,1621280550589,1621280550589
5724,672,a,11/29/2016 08:20:00,1.0,1621280550808,1621280550808
5740,673,a,11/29/2016 08:22:00,1.0,1621280551343,1621280551343
5750,674,a,11/29/2016 08:24:00,1.0,1621280551660,1621280551660
5754,675,a,11/29/2016 08:24:00,1.0,1621280551816,1621280551816
5756,676,a,11/29/2016 08:24:00,1.0,1621280551895,1621280551895
5766,677,a,11/29/2016 08:25:00,1.0,1621280552238,1621280552238
5774,678,a,11/29/2016 08:26:00,1.0,1621280552491,1621280552491
5789,679,a,11/29/2016 08:28:00,1.0,1621280553013,1621280553013
5814,680,a,11/29/2016 08:32:00,1.0,1621280553815,1621280553815
5817,681,a,11/29/2016 08:32:00,1.0,1621280553910,1621280553910
5818,682,a,11/29/2016 08:32:00,1.0,1621280553940,1621280553940
5826,683,a,11/29/2016 08:33:00,1.0,1621280554205,1621280554205
5829,684,a,11/29/2016 08:34:00,1.0,1621280554300,1621280554300
5837,685,a,11/29/2016 08:34:00,1.0,1621280554553,1621280554553
5838,686,a,11/29/2016 08:34:00,1.0,1621280554584,1621280554584
5857,687,a,11/29/2016 08:36:00,1.0,1621280555245,1621280555245
5859,688,a,11/29/2016 08:37:00,1.0,1621280555308,1621280555308
5874,689,a,11/29/2016 08:38:00,1.0,1621280555779,1621280555779
5878,690,a,11/29/2016 08:39:00,1.0,1621280555904,1621280555904
5896,691,a,11/29/2016 08:41:00,1.0,1621280556517,1621280556517
5898,692,a,11/29/2016 08:41:00,1.0,1621280556610,1621280556610
5905,693,a,11/29/2016 08:42:00,1.0,1621280556828,1621280556828
5907,694,a,11/29/2016 08:42:00,1.0,1621280556890,1621280556890
5911,695,a,11/29/2016 08:42:00,1.0,1621280557017,1621280557017
5913,696,a,11/29/2016 08:43:00,1.0,1621280557080,1621280557080
5914,697,a,11/29/2016 08:43:00,1.0,1621280557112,1621280557112
5919,698,a,11/29/2016 08:43:00,1.0,1621280557269,1621280557269
5927,699,a,11/29/2016 08:44:00,1.0,1621280557536,1621280557536
5944,700,a,11/29/2016 08:46:00,1.0,1621280558072,1621280558072
5956,701,a,11/29/2016 08:47:00,1.0,1621280558452,1621280558452
5962,702,a,11/29/2016 08:47:00,1.0,1621280558639,1621280558639
5970,703,a,11/29/2016 08:48:00,1.0,1621280558892,1621280558892
5973,704,a,11/29/2016 08:48:00,1.0,1621280558985,1621280558985
5988,705,a,11/29/2016 08:50:00,1.0,1621280559472,1621280559472
6014,706,a,11/29/2016 08:56:00,1.0,1621280560284,1621280560284
6016,707,a,11/29/2016 08:57:00,1.0,1621280560347,1621280560347
6023,708,a,11/29/2016 08:58:00,1.0,1621280560567,1621280560567
6024,709,a,11/29/2016 08:58:00,1.0,1621280560598,1621280560598
6025,710,a,11/29/2016 08:58:00,1.0,1621280560645,1621280560645
6030,711,a,11/29/2016 08:59:00,1.0,1621280560816,1621280560816
6041,712,a,11/29/2016 09:01:00,1.0,1621280561162,1621280561162
6056,713,a,11/29/2016 09:03:00,1.0,1621280561648,1621280561648
6065,714,a,11/29/2016 09:04:00,1.0,1621280561931,1621280561931
6085,715,a,11/29/2016 09:06:00,1.0,1621280562576,1621280562576
6088,716,a,11/29/2016 09:07:00,1.0,1621280562686,1621280562686
6098,717,a,11/29/2016 09:09:00,1.0,1621280562999,1621280562999
6104,718,a,11/29/2016 09:10:00,1.0,1621280563188,1621280563188
6109,719,a,11/29/2016 09:10:00,1.0,1621280563345,1621280563345
6111,720,a,11/29/2016 09:10:00,1.0,1621280563407,1621280563407
6129,721,a,11/29/2016 09:13:00,1.0,1621280563988,1621280563988
6136,722,a,11/29/2016 09:14:00,1.0,1621280564211,1621280564211
6140,723,a,11/29/2016 09:14:00,1.0,1621280564338,1621280564338
6145,724,a,11/29/2016 09:15:00,1.0,1621280564495,1621280564495
6147,725,a,11/29/2016 09:15:00,1.0,1621280564558,1621280564558
6151,726,a,11/29/2016 09:15:00,1.0,1621280564686,1621280564686
6153,727,a,11/29/2016 09:15:00,1.0,1621280564748,1621280564748
6164,728,a,11/29/2016 09:16:00,1.0,1621280565123,1621280565123
6178,729,a,11/29/2016 09:17:00,1.0,1621280565565,1621280565565
6187,730,a,11/29/2016 09:18:00,1.0,1621280565848,1621280565848
6188,731,a,11/29/2016 09:18:00,1.0,1621280565880,1621280565880
6197,732,a,11/29/2016 09:19:00,1.0,1621280566164,1621280566164
6209,733,a,11/29/2016 09:20:00,1.0,1621280566544,1621280566544
6229,734,a,11/29/2016 09:21:00,1.0,1621280567190,1621280567190
6234,735,a,11/29/2016 09:22:00,1.0,1621280567347,1621280567347
6237,736,a,11/29/2016 09:22:00,1.0,1621280567441,1621280567441
6253,737,a,11/29/2016 09:23:00,1.0,1621280567947,1621280567947
6256,738,a,11/29/2016 09:24:00,1.0,1621280568040,1621280568040
6266,739,a,11/29/2016 09:25:00,1.0,1621280568368,1621280568368
6270,740,a,11/29/2016 09:25:00,1.0,1621280568494,1621280568494
6278,741,a,11/29/2016 09:26:00,1.0,1621280568749,1621280568749
6283,742,a,11/29/2016 09:26:00,1.0,1621280568920,1621280568920
6287,743,a,11/29/2016 09:26:00,1.0,1621280569046,1621280569046
6290,744,a,11/29/2016 09:26:00,1.0,1621280569141,1621280569141
6291,745,a,11/29/2016 09:26:00,1.0,1621280569171,1621280569171
6292,746,a,11/29/2016 09:26:00,1.0,1621280569203,1621280569203
6330,747,a,11/29/2016 09:29:00,1.0,1621280570424,1621280570424
6342,748,a,11/29/2016 09:30:00,1.0,1621280570800,1621280570800
6346,749,a,11/29/2016 09:30:00,1.0,1621280570940,1621280570940
6353,750,a,11/29/2016 09:31:00,1.0,1621280571160,1621280571160
6358,751,a,11/29/2016 09:31:00,1.0,1621280571316,1621280571316
6374,752,a,11/29/2016 09:32:00,1.0,1621280571835,1621280571835
6376,753,a,11/29/2016 09:33:00,1.0,1621280571913,1621280571913
6381,754,a,11/29/2016 09:33:00,1.0,1621280572070,1621280572070
6392,755,a,11/29/2016 09:34:00,1.0,1621280572414,1621280572414
6409,756,a,11/29/2016 09:35:00,1.0,1621280572949,1621280572949
6425,757,a,11/29/2016 09:36:00,1.0,1621280573454,1621280573454
6430,758,a,11/29/2016 09:37:00,1.0,1621280573611,1621280573611
6432,759,a,11/29/2016 09:37:00,1.0,1621280573674,1621280573674
6435,760,a,11/29/2016 09:37:00,1.0,1621280573769,1621280573769
6437,761,a,11/29/2016 09:37:00,1.0,1621280573832,1621280573832
6471,762,a,11/29/2016 09:39:00,1.0,1621280574927,1621280574927
6481,763,a,11/29/2016 09:40:00,1.0,1621280575242,1621280575242
6514,764,a,11/29/2016 09:43:00,1.0,1621280576293,1621280576293
6527,765,a,11/29/2016 09:45:00,1.0,1621280576713,1621280576713
6535,766,a,11/29/2016 09:45:00,1.0,1621280576966,1621280576966
6537,767,a,11/29/2016 09:46:00,1.0,1621280577029,1621280577029
6543,768,a,11/29/2016 09:46:00,1.0,1621280577217,1621280577217
6544,769,a,11/29/2016 09:46:00,1.0,1621280577248,1621280577248
6567,770,a,11/29/2016 09:48:00,1.0,1621280577999,1621280577999
6597,771,a,11/29/2016 09:51:00,1.0,1621280578944,1621280578944
6601,772,a,11/29/2016 09:52:00,1.0,1621280579071,1621280579071
6604,773,a,11/29/2016 09:52:00,1.0,1621280579164,1621280579164
6621,774,a,11/29/2016 09:54:00,1.0,1621280579715,1621280579715
6633,775,a,11/29/2016 09:56:00,1.0,1621280580107,1621280580107
6657,776,a,11/29/2016 09:59:00,1.0,1621280580878,1621280580878
6658,777,a,11/29/2016 09:59:00,1.0,1621280580910,1621280580910
6669,778,a,11/29/2016 10:03:00,1.0,1621280581269,1621280581269
6671,779,a,11/29/2016 10:03:00,1.0,1621280581333,1621280581333
6673,780,a,11/29/2016 10:03:00,1.0,1621280581396,1621280581396
6674,781,a,11/29/2016 10:03:00,1.0,1621280581426,1621280581426
6679,782,a,11/29/2016 10:04:00,1.0,1621280581583,1621280581583
6690,783,a,11/29/2016 10:06:00,1.0,1621280581943,1621280581943
6695,784,a,11/29/2016 10:07:00,1.0,1621280582101,1621280582101
6698,785,a,11/29/2016 10:07:00,1.0,1621280582196,1621280582196
6700,786,a,11/29/2016 10:08:00,1.0,1621280582259,1621280582259
6703,787,a,11/29/2016 10:08:00,1.0,1621280582353,1621280582353
6715,788,a,11/29/2016 10:09:00,1.0,1621280582744,1621280582744
6717,789,a,11/29/2016 10:09:00,1.0,1621280582807,1621280582807
6727,790,a,11/29/2016 10:11:00,1.0,1621280583121,1621280583121
6747,791,a,11/29/2016 10:13:00,1.0,1621280583749,1621280583749
6755,792,a,11/29/2016 10:14:00,1.0,1621280584012,1621280584012
6763,793,a,11/29/2016 10:15:00,1.0,1621280584278,1621280584278
6765,794,a,11/29/2016 10:16:00,1.0,1621280584341,1621280584341
6767,795,a,11/29/2016 10:16:00,1.0,1621280584403,1621280584403
6770,796,a,11/29/2016 10:16:00,1.0,1621280584497,1621280584497
6774,797,a,11/29/2016 10:17:00,1.0,1621280584623,1621280584623
6782,798,a,11/29/2016 10:17:00,1.0,1621280584905,1621280584905
6788,799,a,11/29/2016 10:18:00,1.0,1621280585109,1621280585109
6798,800,a,11/29/2016 10:19:00,1.0,1621280585434,1621280585434
6803,801,a,11/29/2016 10:20:00,1.0,1621280585605,1621280585605
6825,802,a,11/29/2016 10:22:00,1.0,1621280586310,1621280586310
6843,803,a,11/29/2016 10:24:00,1.0,1621280586890,1621280586890
6850,804,a,11/29/2016 10:25:00,1.0,1621280587109,1621280587109
6865,805,a,11/29/2016 10:27:00,1.0,1621280587599,1621280587599
6880,806,a,11/29/2016 10:29:00,1.0,1621280588086,1621280588086
6898,807,a,11/29/2016 10:31:00,1.0,1621280588649,1621280588649
6900,808,a,11/29/2016 10:31:00,1.0,1621280588711,1621280588711
6902,809,a,11/29/2016 10:31:00,1.0,1621280588774,1621280588774
6910,810,a,11/29/2016 10:32:00,1.0,1621280589027,1621280589027
6916,811,a,11/29/2016 10:33:00,1.0,1621280589214,1621280589214
6918,812,a,11/29/2016 10:33:00,1.0,1621280589277,1621280589277
6922,813,a,11/29/2016 10:34:00,1.0,1621280589403,1621280589403
6941,814,a,11/29/2016 10:36:00,1.0,1621280590003,1621280590003
6957,815,a,11/29/2016 10:38:00,1.0,1621280590521,1621280590521
6970,816,a,11/29/2016 10:39:00,1.0,1621280590930,1621280590930
6975,817,a,11/29/2016 10:40:00,1.0,1621280591086,1621280591086
6976,818,a,11/29/2016 10:40:00,1.0,1621280591118,1621280591118
6989,819,a,11/29/2016 10:42:00,1.0,1621280591543,1621280591543
7008,820,a,11/29/2016 10:46:00,1.0,1621280592175,1621280592175
7009,821,a,11/29/2016 10:47:00,1.0,1621280592207,1621280592207
7010,822,a,11/29/2016 10:47:00,1.0,1621280592238,1621280592238
7025,823,a,11/29/2016 10:49:00,1.0,1621280592710,1621280592710
7026,824,a,11/29/2016 10:50:00,1.0,1621280592741,1621280592741
7027,825,a,11/29/2016 10:50:00,1.0,1621280592786,1621280592786
7031,826,a,11/29/2016 10:50:00,1.0,1621280592912,1621280592912
7033,827,a,11/29/2016 10:51:00,1.0,1621280592976,1621280592976
7035,828,a,11/29/2016 10:51:00,1.0,1621280593039,1621280593039
7039,829,a,11/29/2016 10:51:00,1.0,1621280593180,1621280593180
7050,830,a,11/29/2016 10:52:00,1.0,1621280593526,1621280593526
7068,831,a,11/29/2016 10:54:00,1.0,1621280594122,1621280594122
7073,832,a,11/29/2016 10:55:00,1.0,1621280594277,1621280594277
7079,833,a,11/29/2016 10:55:00,1.0,1621280594463,1621280594463
7082,834,a,11/29/2016 10:55:00,1.0,1621280594557,1621280594557
7092,835,a,11/29/2016 10:56:00,1.0,1621280594886,1621280594886
7097,836,a,11/29/2016 10:57:00,1.0,1621280595042,1621280595042
7120,837,a,11/29/2016 11:00:00,1.0,1621280595772,1621280595772
7138,838,a,11/29/2016 11:02:00,1.0,1621280596334,1621280596334
7148,839,a,11/29/2016 11:03:00,1.0,1621280596663,1621280596663
7151,840,a,11/29/2016 11:04:00,1.0,1621280596757,1621280596757
7157,841,a,11/29/2016 11:04:00,1.0,1621280596944,1621280596944
7161,842,a,11/29/2016 11:05:00,1.0,1621280597070,1621280597070
7168,843,a,11/29/2016 11:05:00,1.0,1621280597304,1621280597304
7172,844,a,11/29/2016 11:06:00,1.0,1621280597444,1621280597444
7203,845,a,11/29/2016 11:09:00,1.0,1621280598441,1621280598441
7212,846,a,11/29/2016 11:10:00,1.0,1621280598738,1621280598738
7226,847,a,11/29/2016 11:12:00,1.0,1621280599194,1621280599194
7230,848,a,11/29/2016 11:13:00,1.0,1621280599320,1621280599320
7234,849,a,11/29/2016 11:14:00,1.0,1621280599447,1621280599447
7237,850,a,11/29/2016 11:15:00,1.0,1621280599543,1621280599543
7238,851,a,11/29/2016 11:15:00,1.0,1621280599575,1621280599575
7247,852,a,11/29/2016 11:16:00,1.0,1621280599903,1621280599903
7248,853,a,11/29/2016 11:16:00,1.0,1621280599935,1621280599935
7266,854,a,11/29/2016 11:19:00,1.0,1621280600514,1621280600514
7267,855,a,11/29/2016 11:19:00,1.0,1621280600545,1621280600545
7268,856,a,11/29/2016 11:19:00,1.0,1621280600576,1621280600576
7273,857,a,11/29/2016 11:20:00,1.0,1621280600750,1621280600750
7275,858,a,11/29/2016 11:20:00,1.0,1621280600813,1621280600813
7292,859,a,11/29/2016 11:21:00,1.0,1621280601362,1621280601362
7294,860,a,11/29/2016 11:21:00,1.0,1621280601424,1621280601424
7298,861,a,11/29/2016 11:22:00,1.0,1621280601552,1621280601552
7306,862,a,11/29/2016 11:23:00,1.0,1621280601802,1621280601802
7312,863,a,11/29/2016 11:23:00,1.0,1621280601992,1621280601992
7337,864,a,11/29/2016 11:25:00,1.0,1621280602794,1621280602794
7371,865,a,11/29/2016 11:29:00,1.0,1621280603909,1621280603909
7373,866,a,11/29/2016 11:29:00,1.0,1621280603972,1621280603972
7379,867,a,11/29/2016 11:30:00,1.0,1621280604159,1621280604159
7389,868,a,11/29/2016 11:31:00,1.0,1621280604473,1621280604473
7398,869,a,11/29/2016 11:32:00,1.0,1621280604756,1621280604756
7400,870,a,11/29/2016 11:33:00,1.0,1621280604819,1621280604819
7406,871,a,11/29/2016 11:34:00,1.0,1621280605051,1621280605051
7409,872,a,11/29/2016 11:34:00,1.0,1621280605147,1621280605147
7414,873,a,11/29/2016 11:35:00,1.0,1621280605302,1621280605302
7415,874,a,11/29/2016 11:35:00,1.0,1621280605334,1621280605334
7429,875,a,11/29/2016 11:36:00,1.0,1621280605773,1621280605773
7437,876,a,11/29/2016 11:37:00,1.0,1621280606039,1621280606039
7438,877,a,11/29/2016 11:37:00,1.0,1621280606071,1621280606071
7442,878,a,11/29/2016 11:38:00,1.0,1621280606212,1621280606212
7449,879,a,11/29/2016 11:38:00,1.0,1621280606432,1621280606432
7451,880,a,11/29/2016 11:38:00,1.0,1621280606495,1621280606495
7461,881,a,11/29/2016 11:39:00,1.0,1621280606824,1621280606824
7478,882,a,11/29/2016 11:41:00,1.0,1621280607389,1621280607389
7488,883,a,11/29/2016 11:42:00,1.0,1621280607719,1621280607719
7495,884,a,11/29/2016 11:42:00,1.0,1621280607955,1621280607955
7508,885,a,11/29/2016 11:44:00,1.0,1621280608377,1621280608377
7509,886,a,11/29/2016 11:44:00,1.0,1621280608424,1621280608424
7518,887,a,11/29/2016 11:44:00,1.0,1621280608707,1621280608707
7526,888,a,11/29/2016 11:45:00,1.0,1621280608989,1621280608989
7559,889,a,11/29/2016 11:48:00,1.0,1621280610089,1621280610089
7569,890,a,11/29/2016 11:49:00,1.0,1621280610417,1621280610417
7590,891,a,11/29/2016 11:52:00,1.0,1621280611074,1621280611074
7594,892,a,11/29/2016 11:52:00,1.0,1621280611214,1621280611214
7595,893,a,11/29/2016 11:52:00,1.0,1621280611245,1621280611245
7601,894,a,11/29/2016 11:53:00,1.0,1621280611432,1621280611432
7604,895,a,11/29/2016 11:53:00,1.0,1621280611527,1621280611527
7609,896,a,11/29/2016 11:54:00,1.0,1621280611715,1621280611715
7620,897,a,11/29/2016 11:55:00,1.0,1621280612064,1621280612064
7634,898,a,11/29/2016 11:56:00,1.0,1621280612505,1621280612505
7646,899,a,11/29/2016 11:57:00,1.0,1621280612915,1621280612915
7653,900,a,11/29/2016 11:58:00,1.0,1621280613137,1621280613137
7680,901,a,11/29/2016 12:01:00,1.0,1621280614000,1621280614000
7682,902,a,11/29/2016 12:02:00,1.0,1621280614063,1621280614063
7696,903,a,11/29/2016 12:04:00,1.0,1621280614546,1621280614546
7701,904,a,11/29/2016 12:05:00,1.0,1621280614702,1621280614702
7714,905,a,11/29/2016 12:08:00,1.0,1621280615113,1621280615113
7715,906,a,11/29/2016 12:08:00,1.0,1621280615145,1621280615145
7717,907,a,11/29/2016 12:09:00,1.0,1621280615208,1621280615208
7725,908,a,11/29/2016 12:10:00,1.0,1621280615463,1621280615463
7730,909,a,11/29/2016 12:11:00,1.0,1621280615621,1621280615621
7733,910,a,11/29/2016 12:11:00,1.0,1621280615715,1621280615715
7739,911,a,11/29/2016 12:12:00,1.0,1621280615919,1621280615919
7748,912,a,11/29/2016 12:13:00,1.0,1621280616199,1621280616199
7750,913,a,11/29/2016 12:14:00,1.0,1621280616262,1621280616262
7755,914,a,11/29/2016 12:15:00,1.0,1621280616418,1621280616418
7773,915,a,11/29/2016 12:17:00,1.0,1621280616978,1621280616978
7786,916,a,11/29/2016 12:19:00,1.0,1621280617389,1621280617389
7787,917,a,11/29/2016 12:19:00,1.0,1621280617419,1621280617419
7792,918,a,11/29/2016 12:20:00,1.0,1621280617592,1621280617592
7801,919,a,11/29/2016 12:22:00,1.0,1621280617888,1621280617888
7802,920,a,11/29/2016 12:22:00,1.0,1621280617919,1621280617919
7803,921,a,11/29/2016 12:22:00,1.0,1621280617951,1621280617951
7804,922,a,11/29/2016 12:22:00,1.0,1621280617982,1621280617982
7811,923,a,11/29/2016 12:23:00,1.0,1621280618202,1621280618202
7814,924,a,11/29/2016 12:23:00,1.0,1621280618294,1621280618294
7815,925,a,11/29/2016 12:23:00,1.0,1621280618326,1621280618326
7819,926,a,11/29/2016 12:23:00,1.0,1621280618465,1621280618465
7830,927,a,11/29/2016 12:24:00,1.0,1621280618811,1621280618811
7878,928,a,11/29/2016 12:30:00,1.0,1621280620334,1621280620334
7882,929,a,11/29/2016 12:30:00,1.0,1621280620461,1621280620461
7894,930,a,11/29/2016 12:32:00,1.0,1621280620835,1621280620835
7901,931,a,11/29/2016 12:34:00,1.0,1621280621052,1621280621052
7912,932,a,11/29/2016 12:35:00,1.0,1621280621398,1621280621398
7917,933,a,11/29/2016 12:36:00,1.0,1621280621555,1621280621555
7918,934,a,11/29/2016 12:36:00,1.0,1621280621587,1621280621587
7924,935,a,11/29/2016 12:37:00,1.0,1621280621807,1621280621807
7932,936,a,11/29/2016 12:38:00,1.0,1621280622056,1621280622056
7936,937,a,11/29/2016 12:39:00,1.0,1621280622181,1621280622181
7937,938,a,11/29/2016 12:39:00,1.0,1621280622212,1621280622212
7940,939,a,11/29/2016 12:39:00,1.0,1621280622306,1621280622306
7950,940,a,11/29/2016 12:40:00,1.0,1621280622619,1621280622619
7969,941,a,11/29/2016 12:42:00,1.0,1621280623240,1621280623240
7972,942,a,11/29/2016 12:43:00,1.0,1621280623335,1621280623335
7973,943,a,11/29/2016 12:43:00,1.0,1621280623367,1621280623367
7976,944,a,11/29/2016 12:43:00,1.0,1621280623476,1621280623476
7983,945,a,11/29/2016 12:43:00,1.0,1621280623712,1621280623712
7988,946,a,11/29/2016 12:44:00,1.0,1621280623869,1621280623869
7997,947,a,11/29/2016 12:45:00,1.0,1621280624149,1621280624149
8003,948,a,11/29/2016 12:45:00,1.0,1621280624336,1621280624336
8009,949,a,11/29/2016 12:46:00,1.0,1621280624525,1621280624525
8016,950,a,11/29/2016 12:46:00,1.0,1621280624742,1621280624742
8018,951,a,11/29/2016 12:46:00,1.0,1621280624819,1621280624819
8051,952,a,11/29/2016 12:49:00,1.0,1621280625865,1621280625865
8077,953,a,11/29/2016 12:51:00,1.0,1621280626680,1621280626680
8083,954,a,11/29/2016 12:51:00,1.0,1621280626870,1621280626870
8090,955,a,11/29/2016 12:52:00,1.0,1621280627104,1621280627104
8116,956,a,11/29/2016 12:54:00,1.0,1621280627949,1621280627949
8132,957,a,11/29/2016 12:57:00,1.0,1621280628466,1621280628466
8148,958,a,11/29/2016 12:59:00,1.0,1621280628996,1621280628996
8152,959,a,11/29/2016 13:00:00,1.0,1621280629121,1621280629121
8159,960,a,11/29/2016 13:01:00,1.0,1621280629343,1621280629343
8162,961,a,11/29/2016 13:02:00,1.0,1621280629437,1621280629437
8169,962,a,11/29/2016 13:03:00,1.0,1621280629658,1621280629658
8175,963,a,11/29/2016 13:03:00,1.0,1621280629847,1621280629847
8183,964,a,11/29/2016 13:04:00,1.0,1621280630097,1621280630097
8193,965,a,11/29/2016 13:05:00,1.0,1621280630409,1621280630409
8197,966,a,11/29/2016 13:06:00,1.0,1621280630536,1621280630536
8199,967,a,11/29/2016 13:06:00,1.0,1621280630599,1621280630599
8200,968,a,11/29/2016 13:06:00,1.0,1621280630630,1621280630630
8213,969,a,11/29/2016 13:07:00,1.0,1621280631051,1621280631051
8240,970,a,11/29/2016 13:10:00,1.0,1621280631921,1621280631921
8241,971,a,11/29/2016 13:10:00,1.0,1621280631953,1621280631953
8242,972,a,11/29/2016 13:10:00,1.0,1621280631984,1621280631984
8253,973,a,11/29/2016 13:11:00,1.0,1621280632332,1621280632332
8255,974,a,11/29/2016 13:11:00,1.0,1621280632396,1621280632396
8259,975,a,11/29/2016 13:11:00,1.0,1621280632521,1621280632521
8271,976,a,11/29/2016 13:12:00,1.0,1621280632897,1621280632897
8298,977,a,11/29/2016 13:14:00,1.0,1621280633744,1621280633744
8299,978,a,11/29/2016 13:15:00,1.0,1621280633775,1621280633775
8329,979,a,11/29/2016 13:17:00,1.0,1621280634733,1621280634733
8330,980,a,11/29/2016 13:17:00,1.0,1621280634764,1621280634764
8331,981,a,11/29/2016 13:17:00,1.0,1621280634796,1621280634796
8336,982,a,11/29/2016 13:18:00,1.0,1621280634952,1621280634952
8338,983,a,11/29/2016 13:18:00,1.0,1621280635015,1621280635015
8357,984,a,11/29/2016 13:20:00,1.0,1621280635656,1621280635656
8358,985,a,11/29/2016 13:20:00,1.0,1621280635687,1621280635687
8380,986,a,11/29/2016 13:22:00,1.0,1621280636384,1621280636384
8393,987,a,11/29/2016 13:24:00,1.0,1621280636793,1621280636793
8400,988,a,11/29/2016 13:24:00,1.0,1621280637012,1621280637012
8436,989,a,11/29/2016 13:29:00,1.0,1621280638187,1621280638187
8444,990,a,11/29/2016 13:31:00,1.0,1621280638435,1621280638435
8448,991,a,11/29/2016 13:31:00,1.0,1621280638560,1621280638560
8456,992,a,11/29/2016 13:33:00,1.0,1621280638815,1621280638815
8461,993,a,11/29/2016 13:35:00,1.0,1621280639004,1621280639004
8464,994,a,11/29/2016 13:35:00,1.0,1621280639100,1621280639100
8466,995,a,11/29/2016 13:35:00,1.0,1621280639162,1621280639162
8467,996,a,11/29/2016 13:36:00,1.0,1621280639193,1621280639193
8474,997,a,11/29/2016 13:36:00,1.0,1621280639428,1621280639428
8477,998,a,11/29/2016 13:37:00,1.0,1621280639523,1621280639523
8489,999,a,11/29/2016 13:38:00,1.0,1621280639905,1621280639905
8492,1000,a,11/29/2016 13:38:00,1.0,1621280639999,1621280639999
